okRoosterId,operatieKamerId,geplandeStartTijd,geplandeEindTijd,werkelijkeStartTijd,werkelijkeEindTijd
1,3,2026-04-04T13:45:00,2026-04-04T16:45:00,2026-04-04T13:35:00,2026-04-04T16:44:00
2,3,2026-03-27T10:45:00,2026-03-27T12:45:00,2026-03-27T10:52:00,2026-03-27T13:45:00
3,5,2026-03-22T16:30:00,2026-03-22T17:30:00,2026-03-22T16:16:00,2026-03-22T17:44:00
4,10,2026-03-17T14:15:00,2026-03-17T16:15:00,2026-03-17T14:13:00,2026-03-17T16:32:00
5,10,2026-03-19T10:15:00,2026-03-19T11:15:00,2026-03-19T10:20:00,2026-03-19T11:37:00
6,10,2026-04-05T16:45:00,2026-04-05T17:45:00,2026-04-05T16:46:00,2026-04-05T18:42:00
7,8,2026-04-11T09:15:00,2026-04-11T10:15:00,2026-04-11T09:07:00,2026-04-11T10:33:00
8,2,2026-03-27T12:45:00,2026-03-27T16:45:00,2026-03-27T13:00:00,2026-03-27T16:37:00
9,8,2026-04-07T09:30:00,2026-04-07T10:30:00,2026-04-07T09:36:00,2026-04-07T10:13:00
10,10,2026-03-21T14:00:00,2026-03-21T15:00:00,2026-03-21T14:03:00,2026-03-21T15:27:00
11,7,2026-04-08T16:15:00,2026-04-08T17:15:00,2026-04-08T16:10:00,2026-04-08T16:48:00
12,7,2026-04-06T07:15:00,2026-04-06T11:15:00,2026-04-06T07:14:00,2026-04-06T11:15:00
13,9,2026-03-29T13:15:00,2026-03-29T14:15:00,2026-03-29T13:12:00,2026-03-29T15:12:00
14,3,2026-03-24T11:15:00,2026-03-24T14:15:00,2026-03-24T11:28:00,2026-03-24T13:53:00
15,6,2026-04-12T16:45:00,2026-04-12T19:45:00,2026-04-12T16:54:00,2026-04-12T19:53:00
16,5,2026-03-18T10:45:00,2026-03-18T12:45:00,2026-03-18T10:50:00,2026-03-18T12:26:00
17,2,2026-04-10T16:45:00,2026-04-10T19:45:00,2026-04-10T16:53:00,2026-04-10T19:57:00
18,10,2026-04-13T10:15:00,2026-04-13T11:15:00,2026-04-13T10:20:00,2026-04-13T11:12:00
19,5,2026-04-07T13:30:00,2026-04-07T14:30:00,2026-04-07T13:15:00,2026-04-07T14:22:00
20,9,2026-03-31T17:00:00,2026-03-31T21:00:00,2026-03-31T16:58:00,2026-03-31T21:01:00
21,4,2026-04-02T09:45:00,2026-04-02T13:45:00,2026-04-02T09:32:00,2026-04-02T14:24:00
22,4,2026-03-27T09:00:00,2026-03-27T13:00:00,2026-03-27T08:52:00,2026-03-27T13:58:00
23,4,2026-03-31T13:00:00,2026-03-31T15:00:00,2026-03-31T13:11:00,2026-03-31T15:19:00
24,7,2026-03-19T07:30:00,2026-03-19T10:30:00,2026-03-19T07:27:00,2026-03-19T10:41:00
25,5,2026-04-06T11:00:00,2026-04-06T14:00:00,2026-04-06T10:46:00,2026-04-06T14:57:00
26,3,2026-03-27T07:15:00,2026-03-27T11:15:00,2026-03-27T07:02:00,2026-03-27T12:14:00
27,8,2026-04-06T07:30:00,2026-04-06T09:30:00,2026-04-06T07:31:00,2026-04-06T09:57:00
28,1,2026-03-20T07:00:00,2026-03-20T10:00:00,2026-03-20T07:06:00,2026-03-20T09:56:00
29,8,2026-03-19T17:30:00,2026-03-19T20:30:00,2026-03-19T17:45:00,2026-03-19T20:41:00
30,9,2026-04-03T12:30:00,2026-04-03T16:30:00,2026-04-03T12:20:00,2026-04-03T17:24:00
31,3,2026-03-20T16:45:00,2026-03-20T17:45:00,2026-03-20T16:41:00,2026-03-20T18:38:00
32,8,2026-03-25T16:45:00,2026-03-25T17:45:00,2026-03-25T16:48:00,2026-03-25T17:26:00
33,9,2026-04-07T17:30:00,2026-04-07T18:30:00,2026-04-07T17:31:00,2026-04-07T18:20:00
34,1,2026-03-16T11:15:00,2026-03-16T15:15:00,2026-03-16T11:15:00,2026-03-16T15:39:00
35,9,2026-03-21T12:30:00,2026-03-21T15:30:00,2026-03-21T12:28:00,2026-03-21T16:21:00
36,9,2026-03-30T13:30:00,2026-03-30T17:30:00,2026-03-30T13:17:00,2026-03-30T18:24:00
37,1,2026-03-23T15:30:00,2026-03-23T19:30:00,2026-03-23T15:44:00,2026-03-23T19:02:00
38,9,2026-04-08T09:30:00,2026-04-08T13:30:00,2026-04-08T09:20:00,2026-04-08T14:17:00
39,8,2026-03-16T07:15:00,2026-03-16T08:15:00,2026-03-16T07:29:00,2026-03-16T07:56:00
40,8,2026-04-08T15:45:00,2026-04-08T19:45:00,2026-04-08T15:32:00,2026-04-08T19:48:00
41,3,2026-03-28T12:30:00,2026-03-28T14:30:00,2026-03-28T12:16:00,2026-03-28T15:25:00
42,9,2026-04-09T17:45:00,2026-04-09T21:45:00,2026-04-09T17:35:00,2026-04-09T22:06:00
43,4,2026-03-21T11:30:00,2026-03-21T12:30:00,2026-03-21T11:21:00,2026-03-21T12:12:00
44,10,2026-03-20T17:30:00,2026-03-20T19:30:00,2026-03-20T17:33:00,2026-03-20T19:39:00
45,2,2026-04-13T08:45:00,2026-04-13T12:45:00,2026-04-13T08:49:00,2026-04-13T13:43:00
46,5,2026-03-20T09:00:00,2026-03-20T12:00:00,2026-03-20T08:48:00,2026-03-20T12:40:00
47,7,2026-04-01T14:15:00,2026-04-01T16:15:00,2026-04-01T14:11:00,2026-04-01T16:18:00
48,8,2026-04-01T11:30:00,2026-04-01T13:30:00,2026-04-01T11:37:00,2026-04-01T13:23:00
49,4,2026-04-02T12:30:00,2026-04-02T14:30:00,2026-04-02T12:30:00,2026-04-02T14:21:00
50,8,2026-04-13T15:30:00,2026-04-13T18:30:00,2026-04-13T15:22:00,2026-04-13T18:33:00
51,4,2026-03-24T11:15:00,2026-03-24T12:15:00,2026-03-24T11:08:00,2026-03-24T11:52:00
52,5,2026-04-08T14:30:00,2026-04-08T18:30:00,2026-04-08T14:25:00,2026-04-08T18:53:00
53,8,2026-04-05T08:45:00,2026-04-05T12:45:00,2026-04-05T08:46:00,2026-04-05T13:19:00
54,5,2026-04-12T17:00:00,2026-04-12T20:00:00,2026-04-12T17:09:00,2026-04-12T19:30:00
55,5,2026-03-27T16:30:00,2026-03-27T19:30:00,2026-03-27T16:37:00,2026-03-27T19:39:00
56,2,2026-03-30T10:00:00,2026-03-30T11:00:00,2026-03-30T10:12:00,2026-03-30T11:06:00
57,6,2026-04-01T10:00:00,2026-04-01T13:00:00,2026-04-01T10:05:00,2026-04-01T13:48:00
58,3,2026-03-25T12:00:00,2026-03-25T15:00:00,2026-03-25T11:55:00,2026-03-25T15:33:00
59,4,2026-04-11T15:00:00,2026-04-11T17:00:00,2026-04-11T15:13:00,2026-04-11T16:47:00
60,9,2026-03-15T12:15:00,2026-03-15T13:15:00,2026-03-15T12:22:00,2026-03-15T13:44:00
61,4,2026-03-25T17:15:00,2026-03-25T18:15:00,2026-03-25T17:00:00,2026-03-25T18:46:00
62,9,2026-03-18T08:45:00,2026-03-18T12:45:00,2026-03-18T08:53:00,2026-03-18T13:09:00
63,5,2026-04-13T15:15:00,2026-04-13T17:15:00,2026-04-13T15:11:00,2026-04-13T17:31:00
64,4,2026-03-16T16:00:00,2026-03-16T17:00:00,2026-03-16T16:11:00,2026-03-16T17:58:00
65,9,2026-03-21T17:30:00,2026-03-21T21:30:00,2026-03-21T17:42:00,2026-03-21T22:00:00
66,7,2026-04-01T17:15:00,2026-04-01T19:15:00,2026-04-01T17:20:00,2026-04-01T19:13:00
67,7,2026-03-18T14:45:00,2026-03-18T15:45:00,2026-03-18T14:36:00,2026-03-18T16:15:00
68,3,2026-03-26T13:15:00,2026-03-26T16:15:00,2026-03-26T13:14:00,2026-03-26T15:47:00
69,6,2026-03-20T09:30:00,2026-03-20T10:30:00,2026-03-20T09:36:00,2026-03-20T11:12:00
70,1,2026-03-30T12:00:00,2026-03-30T13:00:00,2026-03-30T12:11:00,2026-03-30T12:44:00
71,3,2026-04-04T16:00:00,2026-04-04T18:00:00,2026-04-04T15:58:00,2026-04-04T17:43:00
72,4,2026-03-16T12:15:00,2026-03-16T14:15:00,2026-03-16T12:02:00,2026-03-16T13:53:00
73,8,2026-03-16T07:45:00,2026-03-16T10:45:00,2026-03-16T07:42:00,2026-03-16T10:57:00
74,2,2026-04-12T14:30:00,2026-04-12T18:30:00,2026-04-12T14:37:00,2026-04-12T19:05:00
75,4,2026-03-26T13:00:00,2026-03-26T17:00:00,2026-03-26T13:12:00,2026-03-26T17:30:00
76,7,2026-04-03T16:30:00,2026-04-03T19:30:00,2026-04-03T16:17:00,2026-04-03T19:14:00
77,1,2026-04-09T07:30:00,2026-04-09T11:30:00,2026-04-09T07:22:00,2026-04-09T12:03:00
78,4,2026-03-25T14:15:00,2026-03-25T15:15:00,2026-03-25T14:14:00,2026-03-25T14:54:00
79,1,2026-03-24T13:15:00,2026-03-24T14:15:00,2026-03-24T13:14:00,2026-03-24T15:02:00
80,4,2026-03-31T13:45:00,2026-03-31T15:45:00,2026-03-31T13:52:00,2026-03-31T16:07:00
81,7,2026-04-13T14:45:00,2026-04-13T17:45:00,2026-04-13T14:45:00,2026-04-13T18:30:00
82,3,2026-04-13T08:00:00,2026-04-13T09:00:00,2026-04-13T07:50:00,2026-04-13T09:18:00
83,9,2026-04-08T07:30:00,2026-04-08T08:30:00,2026-04-08T07:33:00,2026-04-08T09:22:00
84,6,2026-04-02T15:45:00,2026-04-02T16:45:00,2026-04-02T15:51:00,2026-04-02T16:44:00
85,8,2026-03-18T10:00:00,2026-03-18T12:00:00,2026-03-18T10:05:00,2026-03-18T12:33:00
86,8,2026-04-04T15:45:00,2026-04-04T19:45:00,2026-04-04T15:55:00,2026-04-04T19:56:00
87,3,2026-03-19T15:30:00,2026-03-19T17:30:00,2026-03-19T15:19:00,2026-03-19T17:25:00
88,7,2026-04-12T14:00:00,2026-04-12T15:00:00,2026-04-12T13:49:00,2026-04-12T15:20:00
89,2,2026-04-03T15:45:00,2026-04-03T18:45:00,2026-04-03T15:30:00,2026-04-03T19:34:00
90,5,2026-03-20T16:00:00,2026-03-20T19:00:00,2026-03-20T15:53:00,2026-03-20T19:21:00
91,5,2026-03-19T07:30:00,2026-03-19T10:30:00,2026-03-19T07:44:00,2026-03-19T10:39:00
92,6,2026-03-28T08:15:00,2026-03-28T09:15:00,2026-03-28T08:06:00,2026-03-28T10:06:00
93,3,2026-04-12T11:15:00,2026-04-12T12:15:00,2026-04-12T11:20:00,2026-04-12T12:24:00
94,3,2026-03-21T09:00:00,2026-03-21T13:00:00,2026-03-21T08:58:00,2026-03-21T14:00:00
95,9,2026-03-25T13:45:00,2026-03-25T16:45:00,2026-03-25T13:47:00,2026-03-25T17:00:00
96,9,2026-04-08T08:15:00,2026-04-08T11:15:00,2026-04-08T08:09:00,2026-04-08T10:56:00
97,2,2026-04-04T14:30:00,2026-04-04T15:30:00,2026-04-04T14:24:00,2026-04-04T15:50:00
98,1,2026-04-03T14:30:00,2026-04-03T15:30:00,2026-04-03T14:24:00,2026-04-03T16:16:00
99,3,2026-03-18T07:15:00,2026-03-18T08:15:00,2026-03-18T07:13:00,2026-03-18T09:02:00
100,7,2026-03-23T11:45:00,2026-03-23T14:45:00,2026-03-23T11:39:00,2026-03-23T14:54:00
101,6,2026-04-12T17:15:00,2026-04-12T19:15:00,2026-04-12T17:21:00,2026-04-12T19:44:00
102,6,2026-03-15T10:45:00,2026-03-15T11:45:00,2026-03-15T10:53:00,2026-03-15T12:25:00
103,6,2026-04-02T08:00:00,2026-04-02T12:00:00,2026-04-02T08:00:00,2026-04-02T12:31:00
104,1,2026-03-26T07:30:00,2026-03-26T11:30:00,2026-03-26T07:21:00,2026-03-26T12:26:00
105,8,2026-03-19T12:30:00,2026-03-19T16:30:00,2026-03-19T12:30:00,2026-03-19T16:15:00
106,4,2026-04-03T10:30:00,2026-04-03T13:30:00,2026-04-03T10:28:00,2026-04-03T14:01:00
107,4,2026-03-28T16:30:00,2026-03-28T18:30:00,2026-03-28T16:43:00,2026-03-28T19:16:00
108,1,2026-03-15T10:00:00,2026-03-15T12:00:00,2026-03-15T10:07:00,2026-03-15T12:40:00
109,8,2026-03-17T16:30:00,2026-03-17T19:30:00,2026-03-17T16:32:00,2026-03-17T19:27:00
110,7,2026-03-27T10:45:00,2026-03-27T14:45:00,2026-03-27T10:50:00,2026-03-27T14:34:00
111,6,2026-04-02T17:30:00,2026-04-02T21:30:00,2026-04-02T17:36:00,2026-04-02T21:36:00
112,10,2026-04-06T13:00:00,2026-04-06T14:00:00,2026-04-06T12:54:00,2026-04-06T13:48:00
113,2,2026-03-18T10:30:00,2026-03-18T14:30:00,2026-03-18T10:33:00,2026-03-18T15:18:00
114,4,2026-03-24T17:15:00,2026-03-24T18:15:00,2026-03-24T17:02:00,2026-03-24T18:25:00
115,6,2026-03-31T16:15:00,2026-03-31T18:15:00,2026-03-31T16:28:00,2026-03-31T18:39:00
116,5,2026-04-06T15:15:00,2026-04-06T19:15:00,2026-04-06T15:09:00,2026-04-06T20:07:00
117,6,2026-03-18T16:15:00,2026-03-18T20:15:00,2026-03-18T16:14:00,2026-03-18T20:40:00
118,4,2026-04-01T08:30:00,2026-04-01T11:30:00,2026-04-01T08:15:00,2026-04-01T12:21:00
119,7,2026-03-19T16:15:00,2026-03-19T19:15:00,2026-03-19T16:12:00,2026-03-19T19:05:00
120,5,2026-04-03T09:00:00,2026-04-03T11:00:00,2026-04-03T09:15:00,2026-04-03T11:50:00
121,4,2026-03-31T16:45:00,2026-03-31T18:45:00,2026-03-31T16:30:00,2026-03-31T19:26:00
122,6,2026-04-10T08:00:00,2026-04-10T10:00:00,2026-04-10T08:08:00,2026-04-10T10:11:00
123,2,2026-04-11T17:15:00,2026-04-11T20:15:00,2026-04-11T17:19:00,2026-04-11T20:14:00
124,3,2026-04-04T12:45:00,2026-04-04T16:45:00,2026-04-04T12:43:00,2026-04-04T17:27:00
125,7,2026-03-15T11:15:00,2026-03-15T15:15:00,2026-03-15T11:30:00,2026-03-15T14:49:00
126,10,2026-03-15T12:00:00,2026-03-15T14:00:00,2026-03-15T12:06:00,2026-03-15T14:07:00
127,6,2026-03-22T15:15:00,2026-03-22T18:15:00,2026-03-22T15:20:00,2026-03-22T18:00:00
128,5,2026-04-06T17:00:00,2026-04-06T20:00:00,2026-04-06T17:15:00,2026-04-06T20:32:00
129,3,2026-03-17T14:00:00,2026-03-17T15:00:00,2026-03-17T14:11:00,2026-03-17T15:31:00
130,2,2026-03-31T08:45:00,2026-03-31T10:45:00,2026-03-31T08:35:00,2026-03-31T10:51:00
131,10,2026-03-15T10:15:00,2026-03-15T13:15:00,2026-03-15T10:00:00,2026-03-15T13:19:00
132,1,2026-03-28T09:00:00,2026-03-28T13:00:00,2026-03-28T09:12:00,2026-03-28T12:42:00
133,2,2026-03-20T09:30:00,2026-03-20T11:30:00,2026-03-20T09:16:00,2026-03-20T11:17:00
134,7,2026-03-25T16:15:00,2026-03-25T20:15:00,2026-03-25T16:25:00,2026-03-25T20:58:00
135,6,2026-04-02T13:45:00,2026-04-02T15:45:00,2026-04-02T13:38:00,2026-04-02T15:53:00
136,1,2026-03-23T10:00:00,2026-03-23T14:00:00,2026-03-23T10:00:00,2026-03-23T14:03:00
137,4,2026-03-28T16:30:00,2026-03-28T20:30:00,2026-03-28T16:16:00,2026-03-28T21:06:00
138,8,2026-04-08T10:30:00,2026-04-08T13:30:00,2026-04-08T10:26:00,2026-04-08T14:30:00
139,2,2026-03-15T17:45:00,2026-03-15T20:45:00,2026-03-15T17:51:00,2026-03-15T20:32:00
140,6,2026-04-03T12:45:00,2026-04-03T15:45:00,2026-04-03T12:52:00,2026-04-03T15:31:00
141,8,2026-03-19T09:30:00,2026-03-19T13:30:00,2026-03-19T09:18:00,2026-03-19T14:03:00
142,3,2026-03-24T09:30:00,2026-03-24T13:30:00,2026-03-24T09:17:00,2026-03-24T13:21:00
143,6,2026-03-15T14:00:00,2026-03-15T15:00:00,2026-03-15T13:57:00,2026-03-15T15:30:00
144,4,2026-04-07T12:15:00,2026-04-07T13:15:00,2026-04-07T12:23:00,2026-04-07T14:06:00
145,5,2026-03-30T14:45:00,2026-03-30T15:45:00,2026-03-30T14:33:00,2026-03-30T16:22:00
146,2,2026-04-05T13:30:00,2026-04-05T16:30:00,2026-04-05T13:32:00,2026-04-05T16:48:00
147,6,2026-04-06T14:45:00,2026-04-06T16:45:00,2026-04-06T14:36:00,2026-04-06T16:19:00
148,9,2026-03-15T11:00:00,2026-03-15T12:00:00,2026-03-15T10:58:00,2026-03-15T12:47:00
149,4,2026-04-04T10:00:00,2026-04-04T11:00:00,2026-04-04T10:02:00,2026-04-04T11:26:00
150,8,2026-03-20T09:30:00,2026-03-20T13:30:00,2026-03-20T09:21:00,2026-03-20T13:08:00
151,10,2026-03-24T15:30:00,2026-03-24T17:30:00,2026-03-24T15:37:00,2026-03-24T18:07:00
152,9,2026-03-27T15:00:00,2026-03-27T17:00:00,2026-03-27T15:03:00,2026-03-27T18:00:00
153,9,2026-03-20T13:45:00,2026-03-20T17:45:00,2026-03-20T13:56:00,2026-03-20T18:07:00
154,7,2026-03-28T12:00:00,2026-03-28T15:00:00,2026-03-28T12:00:00,2026-03-28T15:31:00
155,2,2026-04-03T14:00:00,2026-04-03T18:00:00,2026-04-03T13:56:00,2026-04-03T17:44:00
156,4,2026-04-06T10:30:00,2026-04-06T11:30:00,2026-04-06T10:38:00,2026-04-06T12:30:00
157,2,2026-04-13T07:00:00,2026-04-13T11:00:00,2026-04-13T06:59:00,2026-04-13T11:44:00
158,9,2026-04-10T10:30:00,2026-04-10T12:30:00,2026-04-10T10:25:00,2026-04-10T12:41:00
159,3,2026-03-26T14:15:00,2026-03-26T15:15:00,2026-03-26T14:26:00,2026-03-26T15:51:00
160,10,2026-04-04T12:15:00,2026-04-04T13:15:00,2026-04-04T12:23:00,2026-04-04T13:29:00
161,4,2026-03-20T10:45:00,2026-03-20T12:45:00,2026-03-20T10:31:00,2026-03-20T13:15:00
162,5,2026-04-13T15:00:00,2026-04-13T17:00:00,2026-04-13T14:59:00,2026-04-13T16:57:00
163,4,2026-03-29T08:30:00,2026-03-29T11:30:00,2026-03-29T08:44:00,2026-03-29T11:07:00
164,6,2026-03-18T08:15:00,2026-03-18T09:15:00,2026-03-18T08:15:00,2026-03-18T09:41:00
165,8,2026-03-26T12:15:00,2026-03-26T16:15:00,2026-03-26T12:14:00,2026-03-26T15:59:00
166,10,2026-03-20T17:00:00,2026-03-20T19:00:00,2026-03-20T17:02:00,2026-03-20T19:59:00
167,7,2026-04-05T16:00:00,2026-04-05T17:00:00,2026-04-05T15:58:00,2026-04-05T17:41:00
168,8,2026-04-05T16:00:00,2026-04-05T19:00:00,2026-04-05T15:51:00,2026-04-05T19:37:00
169,1,2026-04-05T14:15:00,2026-04-05T16:15:00,2026-04-05T14:01:00,2026-04-05T16:57:00
170,6,2026-03-29T17:45:00,2026-03-29T18:45:00,2026-03-29T17:30:00,2026-03-29T19:14:00
171,8,2026-03-28T10:00:00,2026-03-28T13:00:00,2026-03-28T10:13:00,2026-03-28T13:34:00
172,9,2026-03-31T12:30:00,2026-03-31T14:30:00,2026-03-31T12:41:00,2026-03-31T15:20:00
173,6,2026-03-25T08:30:00,2026-03-25T09:30:00,2026-03-25T08:30:00,2026-03-25T09:46:00
174,6,2026-04-05T07:15:00,2026-04-05T10:15:00,2026-04-05T07:06:00,2026-04-05T10:48:00
175,8,2026-04-03T12:00:00,2026-04-03T16:00:00,2026-04-03T11:52:00,2026-04-03T16:02:00
176,3,2026-03-23T14:45:00,2026-03-23T16:45:00,2026-03-23T14:37:00,2026-03-23T17:42:00
177,6,2026-03-30T11:15:00,2026-03-30T13:15:00,2026-03-30T11:08:00,2026-03-30T13:37:00
178,2,2026-03-27T17:00:00,2026-03-27T21:00:00,2026-03-27T17:02:00,2026-03-27T21:40:00
179,10,2026-03-29T15:45:00,2026-03-29T16:45:00,2026-03-29T15:33:00,2026-03-29T16:36:00
180,7,2026-03-19T07:45:00,2026-03-19T09:45:00,2026-03-19T07:47:00,2026-03-19T09:48:00
181,4,2026-04-12T07:15:00,2026-04-12T10:15:00,2026-04-12T07:25:00,2026-04-12T10:42:00
182,7,2026-03-22T15:45:00,2026-03-22T19:45:00,2026-03-22T15:52:00,2026-03-22T20:39:00
183,7,2026-04-05T15:00:00,2026-04-05T19:00:00,2026-04-05T15:12:00,2026-04-05T18:52:00
184,7,2026-04-06T17:00:00,2026-04-06T20:00:00,2026-04-06T17:14:00,2026-04-06T20:04:00
185,6,2026-03-28T17:30:00,2026-03-28T18:30:00,2026-03-28T17:37:00,2026-03-28T18:00:00
186,8,2026-03-19T10:30:00,2026-03-19T11:30:00,2026-03-19T10:17:00,2026-03-19T12:23:00
187,3,2026-03-23T13:30:00,2026-03-23T17:30:00,2026-03-23T13:16:00,2026-03-23T17:05:00
188,9,2026-03-29T08:30:00,2026-03-29T12:30:00,2026-03-29T08:17:00,2026-03-29T13:09:00
189,10,2026-04-05T16:30:00,2026-04-05T17:30:00,2026-04-05T16:36:00,2026-04-05T17:08:00
190,9,2026-04-03T17:30:00,2026-04-03T18:30:00,2026-04-03T17:22:00,2026-04-03T18:40:00
191,2,2026-04-12T12:30:00,2026-04-12T15:30:00,2026-04-12T12:27:00,2026-04-12T15:37:00
192,9,2026-04-01T16:30:00,2026-04-01T19:30:00,2026-04-01T16:21:00,2026-04-01T20:07:00
193,6,2026-03-26T17:30:00,2026-03-26T18:30:00,2026-03-26T17:43:00,2026-03-26T19:06:00
194,7,2026-04-13T07:45:00,2026-04-13T11:45:00,2026-04-13T07:30:00,2026-04-13T11:16:00
195,9,2026-04-10T10:45:00,2026-04-10T14:45:00,2026-04-10T10:56:00,2026-04-10T14:33:00
196,9,2026-04-08T13:00:00,2026-04-08T17:00:00,2026-04-08T12:53:00,2026-04-08T17:05:00
197,5,2026-03-20T07:00:00,2026-03-20T08:00:00,2026-03-20T06:52:00,2026-03-20T08:52:00
198,3,2026-03-22T12:00:00,2026-03-22T13:00:00,2026-03-22T12:14:00,2026-03-22T13:27:00
199,9,2026-03-31T13:00:00,2026-03-31T15:00:00,2026-03-31T12:45:00,2026-03-31T15:26:00
200,8,2026-04-05T13:15:00,2026-04-05T15:15:00,2026-04-05T13:14:00,2026-04-05T15:24:00
201,1,2026-03-31T07:30:00,2026-03-31T09:30:00,2026-03-31T07:19:00,2026-03-31T09:55:00
202,2,2026-04-01T15:15:00,2026-04-01T16:15:00,2026-04-01T15:19:00,2026-04-01T16:59:00
203,9,2026-03-20T17:00:00,2026-03-20T18:00:00,2026-03-20T17:00:00,2026-03-20T17:35:00
204,4,2026-03-15T08:15:00,2026-03-15T09:15:00,2026-03-15T08:26:00,2026-03-15T10:13:00
205,8,2026-04-05T13:30:00,2026-04-05T16:30:00,2026-04-05T13:29:00,2026-04-05T16:29:00
206,2,2026-03-15T12:15:00,2026-03-15T15:15:00,2026-03-15T12:05:00,2026-03-15T15:47:00
207,3,2026-04-09T10:15:00,2026-04-09T13:15:00,2026-04-09T10:30:00,2026-04-09T13:54:00
208,4,2026-03-29T08:45:00,2026-03-29T10:45:00,2026-03-29T08:45:00,2026-03-29T10:28:00
209,6,2026-03-17T14:15:00,2026-03-17T17:15:00,2026-03-17T14:20:00,2026-03-17T16:55:00
210,7,2026-04-09T09:00:00,2026-04-09T10:00:00,2026-04-09T09:08:00,2026-04-09T10:43:00
211,1,2026-04-08T07:15:00,2026-04-08T08:15:00,2026-04-08T07:18:00,2026-04-08T08:23:00
212,1,2026-04-04T09:45:00,2026-04-04T13:45:00,2026-04-04T09:44:00,2026-04-04T14:05:00
213,7,2026-03-25T11:45:00,2026-03-25T12:45:00,2026-03-25T11:49:00,2026-03-25T12:59:00
214,9,2026-04-05T15:30:00,2026-04-05T16:30:00,2026-04-05T15:19:00,2026-04-05T16:06:00
215,4,2026-03-28T14:15:00,2026-03-28T18:15:00,2026-03-28T14:16:00,2026-03-28T19:04:00
216,9,2026-03-26T08:30:00,2026-03-26T10:30:00,2026-03-26T08:24:00,2026-03-26T10:37:00
217,10,2026-03-29T11:15:00,2026-03-29T15:15:00,2026-03-29T11:03:00,2026-03-29T14:45:00
218,2,2026-03-28T12:15:00,2026-03-28T14:15:00,2026-03-28T12:25:00,2026-03-28T14:27:00
219,6,2026-04-12T10:45:00,2026-04-12T13:45:00,2026-04-12T10:57:00,2026-04-12T14:13:00
220,10,2026-04-05T14:45:00,2026-04-05T16:45:00,2026-04-05T14:49:00,2026-04-05T17:29:00
221,4,2026-04-02T16:45:00,2026-04-02T18:45:00,2026-04-02T16:30:00,2026-04-02T18:28:00
222,6,2026-03-23T16:15:00,2026-03-23T19:15:00,2026-03-23T16:29:00,2026-03-23T19:29:00
223,8,2026-04-08T15:45:00,2026-04-08T19:45:00,2026-04-08T15:41:00,2026-04-08T20:13:00
224,5,2026-03-18T08:15:00,2026-03-18T10:15:00,2026-03-18T08:08:00,2026-03-18T11:02:00
225,2,2026-03-15T16:15:00,2026-03-15T20:15:00,2026-03-15T16:07:00,2026-03-15T19:59:00
226,1,2026-04-13T17:15:00,2026-04-13T20:15:00,2026-04-13T17:18:00,2026-04-13T19:45:00
227,7,2026-04-08T14:45:00,2026-04-08T15:45:00,2026-04-08T15:00:00,2026-04-08T15:53:00
228,1,2026-03-31T07:45:00,2026-03-31T09:45:00,2026-03-31T07:49:00,2026-03-31T09:25:00
229,4,2026-03-29T09:15:00,2026-03-29T11:15:00,2026-03-29T09:03:00,2026-03-29T11:29:00
230,9,2026-04-01T16:00:00,2026-04-01T20:00:00,2026-04-01T16:01:00,2026-04-01T20:27:00
231,8,2026-03-22T11:15:00,2026-03-22T14:15:00,2026-03-22T11:13:00,2026-03-22T14:33:00
232,1,2026-03-22T08:30:00,2026-03-22T10:30:00,2026-03-22T08:26:00,2026-03-22T11:05:00
233,1,2026-03-18T11:00:00,2026-03-18T15:00:00,2026-03-18T11:05:00,2026-03-18T15:38:00
234,1,2026-03-28T12:30:00,2026-03-28T15:30:00,2026-03-28T12:31:00,2026-03-28T16:09:00
235,3,2026-04-04T14:00:00,2026-04-04T18:00:00,2026-04-04T14:04:00,2026-04-04T18:34:00
236,4,2026-04-04T08:30:00,2026-04-04T12:30:00,2026-04-04T08:26:00,2026-04-04T12:12:00
237,1,2026-04-06T09:45:00,2026-04-06T13:45:00,2026-04-06T09:55:00,2026-04-06T14:24:00
238,6,2026-03-25T14:15:00,2026-03-25T16:15:00,2026-03-25T14:08:00,2026-03-25T16:15:00
239,6,2026-03-25T14:00:00,2026-03-25T15:00:00,2026-03-25T13:50:00,2026-03-25T14:41:00
240,5,2026-03-16T10:15:00,2026-03-16T14:15:00,2026-03-16T10:00:00,2026-03-16T14:21:00
241,2,2026-04-09T14:45:00,2026-04-09T18:45:00,2026-04-09T14:31:00,2026-04-09T19:40:00
242,10,2026-04-04T08:15:00,2026-04-04T11:15:00,2026-04-04T08:23:00,2026-04-04T11:25:00
243,5,2026-03-15T13:30:00,2026-03-15T16:30:00,2026-03-15T13:16:00,2026-03-15T17:10:00
244,1,2026-04-08T11:00:00,2026-04-08T15:00:00,2026-04-08T11:14:00,2026-04-08T15:10:00
245,7,2026-04-03T07:30:00,2026-04-03T09:30:00,2026-04-03T07:40:00,2026-04-03T09:33:00
246,4,2026-04-09T14:00:00,2026-04-09T17:00:00,2026-04-09T14:09:00,2026-04-09T16:49:00
247,7,2026-04-12T17:45:00,2026-04-12T20:45:00,2026-04-12T17:55:00,2026-04-12T21:05:00
248,2,2026-03-19T12:00:00,2026-03-19T16:00:00,2026-03-19T12:04:00,2026-03-19T16:15:00
249,1,2026-04-01T17:30:00,2026-04-01T20:30:00,2026-04-01T17:15:00,2026-04-01T21:15:00
250,7,2026-03-31T16:30:00,2026-03-31T18:30:00,2026-03-31T16:39:00,2026-03-31T18:39:00
251,4,2026-04-02T15:00:00,2026-04-02T17:00:00,2026-04-02T15:11:00,2026-04-02T16:42:00
252,1,2026-04-07T09:15:00,2026-04-07T13:15:00,2026-04-07T09:12:00,2026-04-07T13:11:00
253,3,2026-03-18T15:15:00,2026-03-18T19:15:00,2026-03-18T15:06:00,2026-03-18T18:57:00
254,6,2026-04-01T11:00:00,2026-04-01T15:00:00,2026-04-01T10:54:00,2026-04-01T15:00:00
255,5,2026-03-26T10:30:00,2026-03-26T11:30:00,2026-03-26T10:17:00,2026-03-26T11:33:00
256,6,2026-03-30T07:45:00,2026-03-30T11:45:00,2026-03-30T07:57:00,2026-03-30T11:15:00
257,5,2026-04-06T17:15:00,2026-04-06T21:15:00,2026-04-06T17:00:00,2026-04-06T21:38:00
258,5,2026-04-13T13:30:00,2026-04-13T16:30:00,2026-04-13T13:41:00,2026-04-13T17:10:00
259,9,2026-04-02T15:15:00,2026-04-02T16:15:00,2026-04-02T15:15:00,2026-04-02T16:55:00
260,1,2026-03-27T12:00:00,2026-03-27T15:00:00,2026-03-27T12:14:00,2026-03-27T14:55:00
261,4,2026-04-12T13:00:00,2026-04-12T14:00:00,2026-04-12T12:47:00,2026-04-12T14:10:00
262,1,2026-04-12T07:30:00,2026-04-12T08:30:00,2026-04-12T07:39:00,2026-04-12T08:07:00
263,2,2026-03-24T14:00:00,2026-03-24T17:00:00,2026-03-24T14:11:00,2026-03-24T16:59:00
264,9,2026-03-25T12:45:00,2026-03-25T15:45:00,2026-03-25T12:41:00,2026-03-25T16:08:00
265,9,2026-03-15T09:15:00,2026-03-15T12:15:00,2026-03-15T09:21:00,2026-03-15T12:34:00
266,9,2026-03-19T08:00:00,2026-03-19T10:00:00,2026-03-19T08:12:00,2026-03-19T10:34:00
267,6,2026-04-02T08:30:00,2026-04-02T09:30:00,2026-04-02T08:22:00,2026-04-02T10:11:00
268,5,2026-04-02T08:30:00,2026-04-02T09:30:00,2026-04-02T08:30:00,2026-04-02T10:00:00
269,5,2026-03-25T08:00:00,2026-03-25T09:00:00,2026-03-25T07:48:00,2026-03-25T09:03:00
270,9,2026-03-23T15:15:00,2026-03-23T17:15:00,2026-03-23T15:08:00,2026-03-23T17:07:00
271,9,2026-03-23T17:30:00,2026-03-23T18:30:00,2026-03-23T17:38:00,2026-03-23T18:54:00
272,5,2026-03-17T11:30:00,2026-03-17T15:30:00,2026-03-17T11:37:00,2026-03-17T16:18:00
273,6,2026-03-17T13:15:00,2026-03-17T16:15:00,2026-03-17T13:05:00,2026-03-17T16:08:00
274,6,2026-04-04T16:00:00,2026-04-04T20:00:00,2026-04-04T15:49:00,2026-04-04T20:51:00
275,6,2026-04-01T09:15:00,2026-04-01T11:15:00,2026-04-01T09:26:00,2026-04-01T12:06:00
276,9,2026-03-22T11:45:00,2026-03-22T12:45:00,2026-03-22T11:31:00,2026-03-22T13:14:00
277,3,2026-03-26T11:45:00,2026-03-26T15:45:00,2026-03-26T11:59:00,2026-03-26T16:14:00
278,10,2026-03-17T13:45:00,2026-03-17T14:45:00,2026-03-17T13:37:00,2026-03-17T14:55:00
279,8,2026-03-25T14:45:00,2026-03-25T18:45:00,2026-03-25T14:34:00,2026-03-25T19:32:00
280,7,2026-03-27T09:15:00,2026-03-27T13:15:00,2026-03-27T09:23:00,2026-03-27T14:03:00
281,3,2026-04-01T09:00:00,2026-04-01T13:00:00,2026-04-01T08:46:00,2026-04-01T13:39:00
282,3,2026-03-24T08:30:00,2026-03-24T11:30:00,2026-03-24T08:32:00,2026-03-24T11:03:00
283,2,2026-04-13T16:00:00,2026-04-13T20:00:00,2026-04-13T15:50:00,2026-04-13T19:57:00
284,10,2026-04-04T07:30:00,2026-04-04T08:30:00,2026-04-04T07:36:00,2026-04-04T08:40:00
285,1,2026-03-30T13:00:00,2026-03-30T14:00:00,2026-03-30T13:07:00,2026-03-30T14:58:00
286,10,2026-03-25T15:00:00,2026-03-25T19:00:00,2026-03-25T15:00:00,2026-03-25T19:04:00
287,5,2026-04-03T10:15:00,2026-04-03T13:15:00,2026-04-03T10:02:00,2026-04-03T13:12:00
288,3,2026-04-07T07:00:00,2026-04-07T08:00:00,2026-04-07T07:03:00,2026-04-07T08:54:00
289,5,2026-04-12T15:15:00,2026-04-12T17:15:00,2026-04-12T15:27:00,2026-04-12T17:12:00
290,5,2026-03-28T08:00:00,2026-03-28T11:00:00,2026-03-28T08:12:00,2026-03-28T10:51:00
291,10,2026-04-05T09:15:00,2026-04-05T10:15:00,2026-04-05T09:12:00,2026-04-05T09:59:00
292,4,2026-03-28T10:45:00,2026-03-28T14:45:00,2026-03-28T10:35:00,2026-03-28T15:39:00
293,3,2026-04-11T14:15:00,2026-04-11T15:15:00,2026-04-11T14:30:00,2026-04-11T15:02:00
294,2,2026-03-28T09:45:00,2026-03-28T13:45:00,2026-03-28T09:33:00,2026-03-28T13:52:00
295,7,2026-04-10T14:45:00,2026-04-10T17:45:00,2026-04-10T14:31:00,2026-04-10T18:27:00
296,9,2026-03-23T16:45:00,2026-03-23T19:45:00,2026-03-23T16:30:00,2026-03-23T20:07:00
297,2,2026-03-25T13:00:00,2026-03-25T15:00:00,2026-03-25T13:11:00,2026-03-25T15:52:00
298,8,2026-03-18T15:15:00,2026-03-18T18:15:00,2026-03-18T15:19:00,2026-03-18T18:45:00
299,4,2026-03-20T13:15:00,2026-03-20T17:15:00,2026-03-20T13:17:00,2026-03-20T17:58:00
300,10,2026-04-10T17:30:00,2026-04-10T20:30:00,2026-04-10T17:35:00,2026-04-10T20:43:00
301,2,2026-04-10T14:00:00,2026-04-10T17:00:00,2026-04-10T14:08:00,2026-04-10T17:26:00
302,4,2026-03-30T17:00:00,2026-03-30T19:00:00,2026-03-30T16:47:00,2026-03-30T18:36:00
303,1,2026-03-25T14:45:00,2026-03-25T18:45:00,2026-03-25T14:44:00,2026-03-25T18:35:00
304,2,2026-03-22T17:45:00,2026-03-22T20:45:00,2026-03-22T17:43:00,2026-03-22T21:38:00
305,7,2026-04-11T14:30:00,2026-04-11T16:30:00,2026-04-11T14:26:00,2026-04-11T16:23:00
306,10,2026-03-24T08:45:00,2026-03-24T11:45:00,2026-03-24T08:44:00,2026-03-24T12:01:00
307,10,2026-04-10T07:15:00,2026-04-10T11:15:00,2026-04-10T07:17:00,2026-04-10T10:54:00
308,8,2026-04-12T07:45:00,2026-04-12T09:45:00,2026-04-12T07:45:00,2026-04-12T09:56:00
309,6,2026-04-07T17:45:00,2026-04-07T19:45:00,2026-04-07T17:57:00,2026-04-07T19:28:00
310,3,2026-03-17T12:15:00,2026-03-17T16:15:00,2026-03-17T12:10:00,2026-03-17T16:14:00
311,10,2026-03-28T15:30:00,2026-03-28T17:30:00,2026-03-28T15:24:00,2026-03-28T17:57:00
312,3,2026-04-06T14:45:00,2026-04-06T15:45:00,2026-04-06T14:43:00,2026-04-06T16:16:00
313,3,2026-04-03T08:30:00,2026-04-03T10:30:00,2026-04-03T08:32:00,2026-04-03T10:16:00
314,7,2026-04-07T11:30:00,2026-04-07T15:30:00,2026-04-07T11:37:00,2026-04-07T16:30:00
315,7,2026-03-15T14:45:00,2026-03-15T17:45:00,2026-03-15T14:36:00,2026-03-15T18:24:00
316,3,2026-03-17T07:15:00,2026-03-17T11:15:00,2026-03-17T07:07:00,2026-03-17T12:00:00
317,9,2026-03-16T07:30:00,2026-03-16T10:30:00,2026-03-16T07:19:00,2026-03-16T11:22:00
318,9,2026-03-21T10:45:00,2026-03-21T12:45:00,2026-03-21T10:41:00,2026-03-21T12:28:00
319,1,2026-04-01T10:45:00,2026-04-01T12:45:00,2026-04-01T10:40:00,2026-04-01T13:33:00
320,7,2026-03-22T11:00:00,2026-03-22T14:00:00,2026-03-22T10:49:00,2026-03-22T14:02:00
321,3,2026-03-21T07:15:00,2026-03-21T11:15:00,2026-03-21T07:08:00,2026-03-21T11:51:00
322,3,2026-04-07T15:45:00,2026-04-07T16:45:00,2026-04-07T15:30:00,2026-04-07T16:49:00
323,3,2026-03-29T13:00:00,2026-03-29T16:00:00,2026-03-29T13:04:00,2026-03-29T17:00:00
324,8,2026-04-02T08:45:00,2026-04-02T11:45:00,2026-04-02T08:32:00,2026-04-02T11:55:00
325,9,2026-04-10T08:00:00,2026-04-10T10:00:00,2026-04-10T08:08:00,2026-04-10T10:18:00
326,3,2026-03-18T12:15:00,2026-03-18T13:15:00,2026-03-18T12:30:00,2026-03-18T13:57:00
327,1,2026-03-23T12:45:00,2026-03-23T15:45:00,2026-03-23T12:43:00,2026-03-23T16:38:00
328,3,2026-03-19T08:30:00,2026-03-19T11:30:00,2026-03-19T08:34:00,2026-03-19T12:16:00
329,4,2026-04-12T08:45:00,2026-04-12T09:45:00,2026-04-12T08:35:00,2026-04-12T10:42:00
330,6,2026-03-28T10:30:00,2026-03-28T13:30:00,2026-03-28T10:44:00,2026-03-28T14:17:00
331,1,2026-03-24T14:30:00,2026-03-24T18:30:00,2026-03-24T14:24:00,2026-03-24T18:26:00
332,7,2026-03-22T10:15:00,2026-03-22T12:15:00,2026-03-22T10:09:00,2026-03-22T12:04:00
333,10,2026-04-05T13:30:00,2026-04-05T15:30:00,2026-04-05T13:31:00,2026-04-05T15:10:00
334,5,2026-04-11T12:30:00,2026-04-11T16:30:00,2026-04-11T12:39:00,2026-04-11T16:06:00
335,7,2026-03-17T15:30:00,2026-03-17T17:30:00,2026-03-17T15:22:00,2026-03-17T18:14:00
336,2,2026-04-01T14:45:00,2026-04-01T15:45:00,2026-04-01T14:36:00,2026-04-01T16:36:00
337,5,2026-03-18T08:00:00,2026-03-18T12:00:00,2026-03-18T08:13:00,2026-03-18T11:50:00
338,5,2026-03-26T09:00:00,2026-03-26T13:00:00,2026-03-26T09:13:00,2026-03-26T12:57:00
339,9,2026-04-11T14:30:00,2026-04-11T17:30:00,2026-04-11T14:15:00,2026-04-11T18:15:00
340,4,2026-03-17T08:00:00,2026-03-17T11:00:00,2026-03-17T07:50:00,2026-03-17T10:58:00
341,3,2026-04-04T15:15:00,2026-04-04T16:15:00,2026-04-04T15:21:00,2026-04-04T17:00:00
342,5,2026-04-06T16:15:00,2026-04-06T19:15:00,2026-04-06T16:27:00,2026-04-06T19:00:00
343,1,2026-03-20T13:45:00,2026-03-20T14:45:00,2026-03-20T13:49:00,2026-03-20T14:37:00
344,6,2026-03-18T09:45:00,2026-03-18T12:45:00,2026-03-18T09:37:00,2026-03-18T12:48:00
345,10,2026-03-28T08:15:00,2026-03-28T09:15:00,2026-03-28T08:20:00,2026-03-28T09:09:00
346,5,2026-03-24T12:30:00,2026-03-24T15:30:00,2026-03-24T12:41:00,2026-03-24T16:09:00
347,5,2026-03-16T07:30:00,2026-03-16T09:30:00,2026-03-16T07:39:00,2026-03-16T09:06:00
348,1,2026-03-26T14:30:00,2026-03-26T17:30:00,2026-03-26T14:37:00,2026-03-26T18:18:00
349,6,2026-03-31T15:00:00,2026-03-31T16:00:00,2026-03-31T15:01:00,2026-03-31T16:08:00
350,6,2026-03-30T12:00:00,2026-03-30T16:00:00,2026-03-30T12:12:00,2026-03-30T16:33:00
351,9,2026-04-10T15:15:00,2026-04-10T19:15:00,2026-04-10T15:30:00,2026-04-10T19:31:00
352,10,2026-04-09T13:45:00,2026-04-09T14:45:00,2026-04-09T14:00:00,2026-04-09T14:44:00
353,6,2026-03-27T07:45:00,2026-03-27T08:45:00,2026-03-27T07:35:00,2026-03-27T09:38:00
354,10,2026-03-31T12:00:00,2026-03-31T16:00:00,2026-03-31T11:51:00,2026-03-31T16:57:00
355,4,2026-03-25T12:45:00,2026-03-25T16:45:00,2026-03-25T12:35:00,2026-03-25T17:09:00
356,7,2026-03-24T08:15:00,2026-03-24T09:15:00,2026-03-24T08:23:00,2026-03-24T09:53:00
357,5,2026-03-17T14:00:00,2026-03-17T15:00:00,2026-03-17T14:15:00,2026-03-17T15:11:00
358,8,2026-03-30T12:30:00,2026-03-30T13:30:00,2026-03-30T12:32:00,2026-03-30T14:14:00
359,4,2026-03-18T13:15:00,2026-03-18T16:15:00,2026-03-18T13:15:00,2026-03-18T17:08:00
360,4,2026-03-29T07:00:00,2026-03-29T11:00:00,2026-03-29T06:50:00,2026-03-29T11:58:00
361,4,2026-04-08T12:15:00,2026-04-08T15:15:00,2026-04-08T12:21:00,2026-04-08T15:32:00
362,6,2026-04-12T11:15:00,2026-04-12T15:15:00,2026-04-12T11:08:00,2026-04-12T15:06:00
363,1,2026-04-08T15:15:00,2026-04-08T19:15:00,2026-04-08T15:30:00,2026-04-08T19:06:00
364,4,2026-03-20T08:15:00,2026-03-20T09:15:00,2026-03-20T08:28:00,2026-03-20T09:38:00
365,8,2026-03-22T13:30:00,2026-03-22T17:30:00,2026-03-22T13:38:00,2026-03-22T17:24:00
366,4,2026-04-12T11:00:00,2026-04-12T13:00:00,2026-04-12T10:52:00,2026-04-12T12:44:00
367,4,2026-03-15T14:45:00,2026-03-15T18:45:00,2026-03-15T14:48:00,2026-03-15T18:37:00
368,2,2026-03-25T15:15:00,2026-03-25T18:15:00,2026-03-25T15:04:00,2026-03-25T18:37:00
369,1,2026-03-15T17:15:00,2026-03-15T18:15:00,2026-03-15T17:05:00,2026-03-15T19:11:00
370,6,2026-04-02T12:15:00,2026-04-02T16:15:00,2026-04-02T12:29:00,2026-04-02T16:02:00
371,4,2026-03-26T10:15:00,2026-03-26T12:15:00,2026-03-26T10:10:00,2026-03-26T11:48:00
372,3,2026-03-28T11:45:00,2026-03-28T12:45:00,2026-03-28T11:36:00,2026-03-28T13:05:00
373,8,2026-04-06T15:30:00,2026-04-06T16:30:00,2026-04-06T15:29:00,2026-04-06T16:32:00
374,7,2026-03-18T15:30:00,2026-03-18T19:30:00,2026-03-18T15:31:00,2026-03-18T19:08:00
375,6,2026-03-30T14:15:00,2026-03-30T15:15:00,2026-03-30T14:15:00,2026-03-30T15:41:00
376,6,2026-04-09T14:30:00,2026-04-09T17:30:00,2026-04-09T14:15:00,2026-04-09T17:08:00
377,3,2026-04-07T08:45:00,2026-04-07T11:45:00,2026-04-07T08:34:00,2026-04-07T11:51:00
378,6,2026-04-03T17:00:00,2026-04-03T20:00:00,2026-04-03T16:45:00,2026-04-03T20:44:00
379,3,2026-04-12T08:45:00,2026-04-12T10:45:00,2026-04-12T08:34:00,2026-04-12T10:53:00
380,8,2026-03-22T12:30:00,2026-03-22T14:30:00,2026-03-22T12:25:00,2026-03-22T15:17:00
381,3,2026-04-12T07:15:00,2026-04-12T08:15:00,2026-04-12T07:17:00,2026-04-12T09:01:00
382,4,2026-04-11T09:15:00,2026-04-11T12:15:00,2026-04-11T09:30:00,2026-04-11T12:34:00
383,2,2026-03-16T17:00:00,2026-03-16T18:00:00,2026-03-16T17:00:00,2026-03-16T18:16:00
384,10,2026-04-01T09:45:00,2026-04-01T10:45:00,2026-04-01T09:58:00,2026-04-01T11:15:00
385,3,2026-04-05T17:45:00,2026-04-05T18:45:00,2026-04-05T17:37:00,2026-04-05T19:33:00
386,6,2026-03-18T10:45:00,2026-03-18T13:45:00,2026-03-18T10:48:00,2026-03-18T13:48:00
387,4,2026-03-25T15:15:00,2026-03-25T16:15:00,2026-03-25T15:27:00,2026-03-25T15:56:00
388,6,2026-04-12T14:00:00,2026-04-12T18:00:00,2026-04-12T13:52:00,2026-04-12T17:51:00
389,6,2026-03-30T09:30:00,2026-03-30T12:30:00,2026-03-30T09:18:00,2026-03-30T12:23:00
390,8,2026-04-05T09:15:00,2026-04-05T11:15:00,2026-04-05T09:24:00,2026-04-05T11:35:00
391,7,2026-04-04T16:30:00,2026-04-04T17:30:00,2026-04-04T16:30:00,2026-04-04T18:01:00
392,8,2026-03-31T14:00:00,2026-03-31T17:00:00,2026-03-31T13:57:00,2026-03-31T17:18:00
393,6,2026-04-12T17:30:00,2026-04-12T20:30:00,2026-04-12T17:18:00,2026-04-12T21:08:00
394,2,2026-04-07T14:30:00,2026-04-07T18:30:00,2026-04-07T14:23:00,2026-04-07T18:19:00
395,8,2026-03-30T08:30:00,2026-03-30T11:30:00,2026-03-30T08:21:00,2026-03-30T12:07:00
396,9,2026-04-03T12:45:00,2026-04-03T13:45:00,2026-04-03T12:45:00,2026-04-03T14:32:00
397,10,2026-03-28T15:15:00,2026-03-28T17:15:00,2026-03-28T15:12:00,2026-03-28T17:29:00
398,7,2026-04-01T09:30:00,2026-04-01T12:30:00,2026-04-01T09:28:00,2026-04-01T13:06:00
399,1,2026-03-20T09:15:00,2026-03-20T13:15:00,2026-03-20T09:24:00,2026-03-20T13:17:00
400,7,2026-03-30T08:15:00,2026-03-30T09:15:00,2026-03-30T08:15:00,2026-03-30T09:50:00
401,2,2026-04-08T07:00:00,2026-04-08T08:00:00,2026-04-08T06:46:00,2026-04-08T08:26:00
402,1,2026-03-24T17:45:00,2026-03-24T21:45:00,2026-03-24T17:32:00,2026-03-24T22:29:00
403,3,2026-04-01T16:15:00,2026-04-01T19:15:00,2026-04-01T16:18:00,2026-04-01T19:31:00
404,8,2026-03-19T12:45:00,2026-03-19T15:45:00,2026-03-19T12:36:00,2026-03-19T16:28:00
405,3,2026-03-16T10:15:00,2026-03-16T12:15:00,2026-03-16T10:22:00,2026-03-16T13:11:00
406,10,2026-03-25T09:00:00,2026-03-25T12:00:00,2026-03-25T08:46:00,2026-03-25T11:53:00
407,6,2026-03-29T17:30:00,2026-03-29T21:30:00,2026-03-29T17:26:00,2026-03-29T21:17:00
408,10,2026-03-28T09:15:00,2026-03-28T13:15:00,2026-03-28T09:17:00,2026-03-28T13:51:00
409,7,2026-03-31T17:45:00,2026-03-31T20:45:00,2026-03-31T17:49:00,2026-03-31T21:32:00
410,10,2026-03-26T11:00:00,2026-03-26T13:00:00,2026-03-26T10:47:00,2026-03-26T12:49:00
411,3,2026-03-26T08:45:00,2026-03-26T09:45:00,2026-03-26T08:37:00,2026-03-26T10:00:00
412,10,2026-03-24T10:00:00,2026-03-24T11:00:00,2026-03-24T10:08:00,2026-03-24T11:28:00
413,5,2026-03-23T16:30:00,2026-03-23T19:30:00,2026-03-23T16:28:00,2026-03-23T19:31:00
414,3,2026-03-26T08:00:00,2026-03-26T09:00:00,2026-03-26T08:15:00,2026-03-26T09:49:00
415,7,2026-03-21T10:15:00,2026-03-21T13:15:00,2026-03-21T10:28:00,2026-03-21T13:33:00
416,6,2026-04-01T11:15:00,2026-04-01T13:15:00,2026-04-01T11:21:00,2026-04-01T13:00:00
417,2,2026-04-07T15:15:00,2026-04-07T19:15:00,2026-04-07T15:03:00,2026-04-07T19:39:00
418,9,2026-03-29T17:00:00,2026-03-29T19:00:00,2026-03-29T17:11:00,2026-03-29T18:48:00
419,6,2026-04-01T15:15:00,2026-04-01T16:15:00,2026-04-01T15:05:00,2026-04-01T16:47:00
420,2,2026-03-15T09:15:00,2026-03-15T11:15:00,2026-03-15T09:08:00,2026-03-15T10:46:00
421,6,2026-04-01T08:45:00,2026-04-01T09:45:00,2026-04-01T08:54:00,2026-04-01T10:37:00
422,7,2026-03-21T12:00:00,2026-03-21T16:00:00,2026-03-21T11:58:00,2026-03-21T16:49:00
423,10,2026-04-11T17:00:00,2026-04-11T20:00:00,2026-04-11T17:02:00,2026-04-11T20:28:00
424,4,2026-03-16T11:15:00,2026-03-16T12:15:00,2026-03-16T11:27:00,2026-03-16T11:57:00
425,7,2026-04-03T16:45:00,2026-04-03T19:45:00,2026-04-03T16:34:00,2026-04-03T19:56:00
426,3,2026-04-01T11:15:00,2026-04-01T15:15:00,2026-04-01T11:22:00,2026-04-01T14:54:00
427,3,2026-03-27T15:00:00,2026-03-27T16:00:00,2026-03-27T14:58:00,2026-03-27T16:00:00
428,5,2026-03-16T07:30:00,2026-03-16T11:30:00,2026-03-16T07:31:00,2026-03-16T11:51:00
429,4,2026-03-28T07:30:00,2026-03-28T09:30:00,2026-03-28T07:28:00,2026-03-28T09:35:00
430,5,2026-03-28T09:45:00,2026-03-28T13:45:00,2026-03-28T09:41:00,2026-03-28T13:42:00
431,5,2026-04-12T17:15:00,2026-04-12T18:15:00,2026-04-12T17:30:00,2026-04-12T18:00:00
432,2,2026-04-02T15:15:00,2026-04-02T19:15:00,2026-04-02T15:29:00,2026-04-02T19:37:00
433,2,2026-03-24T17:30:00,2026-03-24T19:30:00,2026-03-24T17:34:00,2026-03-24T19:11:00
434,4,2026-04-05T12:00:00,2026-04-05T16:00:00,2026-04-05T12:08:00,2026-04-05T16:50:00
435,5,2026-03-21T08:15:00,2026-03-21T11:15:00,2026-03-21T08:28:00,2026-03-21T12:11:00
436,7,2026-03-15T10:30:00,2026-03-15T12:30:00,2026-03-15T10:30:00,2026-03-15T13:01:00
437,8,2026-03-16T15:30:00,2026-03-16T18:30:00,2026-03-16T15:16:00,2026-03-16T19:12:00
438,2,2026-04-04T08:00:00,2026-04-04T11:00:00,2026-04-04T07:57:00,2026-04-04T11:42:00
439,3,2026-03-26T16:00:00,2026-03-26T20:00:00,2026-03-26T15:51:00,2026-03-26T20:30:00
440,9,2026-03-30T17:45:00,2026-03-30T19:45:00,2026-03-30T17:51:00,2026-03-30T19:54:00
441,10,2026-03-18T14:45:00,2026-03-18T17:45:00,2026-03-18T14:35:00,2026-03-18T17:57:00
442,5,2026-04-13T11:00:00,2026-04-13T13:00:00,2026-04-13T10:57:00,2026-04-13T13:06:00
443,9,2026-03-25T09:15:00,2026-03-25T12:15:00,2026-03-25T09:22:00,2026-03-25T12:59:00
444,9,2026-04-05T17:15:00,2026-04-05T18:15:00,2026-04-05T17:21:00,2026-04-05T17:54:00
445,1,2026-03-26T11:30:00,2026-03-26T15:30:00,2026-03-26T11:43:00,2026-03-26T15:33:00
446,9,2026-03-21T14:30:00,2026-03-21T18:30:00,2026-03-21T14:43:00,2026-03-21T18:58:00
447,8,2026-03-22T08:00:00,2026-03-22T11:00:00,2026-03-22T07:47:00,2026-03-22T10:58:00
448,10,2026-04-04T13:30:00,2026-04-04T17:30:00,2026-04-04T13:20:00,2026-04-04T17:09:00
449,3,2026-03-24T07:15:00,2026-03-24T11:15:00,2026-03-24T07:08:00,2026-03-24T11:32:00
450,7,2026-03-20T12:15:00,2026-03-20T16:15:00,2026-03-20T12:11:00,2026-03-20T16:59:00
451,6,2026-03-26T07:15:00,2026-03-26T10:15:00,2026-03-26T07:14:00,2026-03-26T10:36:00
452,6,2026-03-19T16:00:00,2026-03-19T19:00:00,2026-03-19T15:58:00,2026-03-19T19:21:00
453,2,2026-03-18T13:00:00,2026-03-18T15:00:00,2026-03-18T13:04:00,2026-03-18T15:12:00
454,9,2026-04-03T08:30:00,2026-04-03T09:30:00,2026-04-03T08:38:00,2026-04-03T09:51:00
455,4,2026-04-02T15:00:00,2026-04-02T18:00:00,2026-04-02T14:46:00,2026-04-02T17:45:00
456,4,2026-04-10T07:30:00,2026-04-10T10:30:00,2026-04-10T07:23:00,2026-04-10T10:12:00
457,5,2026-03-24T14:00:00,2026-03-24T18:00:00,2026-03-24T14:08:00,2026-03-24T18:00:00
458,3,2026-03-25T08:00:00,2026-03-25T10:00:00,2026-03-25T07:54:00,2026-03-25T10:06:00
459,1,2026-04-11T07:30:00,2026-04-11T08:30:00,2026-04-11T07:25:00,2026-04-11T08:54:00
460,10,2026-04-02T17:00:00,2026-04-02T18:00:00,2026-04-02T16:48:00,2026-04-02T18:07:00
461,8,2026-04-07T10:00:00,2026-04-07T13:00:00,2026-04-07T10:05:00,2026-04-07T13:54:00
462,1,2026-03-26T15:30:00,2026-03-26T17:30:00,2026-03-26T15:35:00,2026-03-26T18:25:00
463,10,2026-04-07T12:45:00,2026-04-07T16:45:00,2026-04-07T12:31:00,2026-04-07T16:49:00
464,10,2026-03-23T12:45:00,2026-03-23T13:45:00,2026-03-23T12:48:00,2026-03-23T14:22:00
465,8,2026-03-19T07:15:00,2026-03-19T08:15:00,2026-03-19T07:23:00,2026-03-19T08:31:00
466,4,2026-03-17T12:30:00,2026-03-17T13:30:00,2026-03-17T12:23:00,2026-03-17T14:01:00
467,7,2026-04-03T14:15:00,2026-04-03T18:15:00,2026-04-03T14:08:00,2026-04-03T17:53:00
468,5,2026-03-20T07:00:00,2026-03-20T11:00:00,2026-03-20T06:47:00,2026-03-20T11:59:00
469,4,2026-03-23T07:15:00,2026-03-23T09:15:00,2026-03-23T07:11:00,2026-03-23T09:10:00
470,7,2026-03-18T11:30:00,2026-03-18T14:30:00,2026-03-18T11:23:00,2026-03-18T15:17:00
471,2,2026-04-09T13:00:00,2026-04-09T15:00:00,2026-04-09T13:05:00,2026-04-09T15:31:00
472,3,2026-03-18T07:30:00,2026-03-18T09:30:00,2026-03-18T07:25:00,2026-03-18T09:46:00
473,7,2026-03-17T08:15:00,2026-03-17T11:15:00,2026-03-17T08:17:00,2026-03-17T11:42:00
474,8,2026-03-26T10:45:00,2026-03-26T13:45:00,2026-03-26T10:44:00,2026-03-26T14:12:00
475,5,2026-03-25T10:30:00,2026-03-25T13:30:00,2026-03-25T10:17:00,2026-03-25T13:31:00
476,1,2026-04-06T13:30:00,2026-04-06T16:30:00,2026-04-06T13:30:00,2026-04-06T17:28:00
477,4,2026-03-21T07:30:00,2026-03-21T09:30:00,2026-03-21T07:19:00,2026-03-21T09:37:00
478,1,2026-03-17T09:15:00,2026-03-17T11:15:00,2026-03-17T09:29:00,2026-03-17T11:50:00
479,10,2026-04-06T10:00:00,2026-04-06T13:00:00,2026-04-06T10:11:00,2026-04-06T13:42:00
480,7,2026-04-10T12:45:00,2026-04-10T16:45:00,2026-04-10T12:31:00,2026-04-10T17:14:00
481,5,2026-04-08T17:30:00,2026-04-08T20:30:00,2026-04-08T17:45:00,2026-04-08T20:49:00
482,7,2026-03-31T17:30:00,2026-03-31T20:30:00,2026-03-31T17:38:00,2026-03-31T20:13:00
483,10,2026-03-15T08:45:00,2026-03-15T09:45:00,2026-03-15T08:32:00,2026-03-15T10:07:00
484,2,2026-04-08T08:30:00,2026-04-08T11:30:00,2026-04-08T08:20:00,2026-04-08T11:19:00
485,8,2026-03-28T11:15:00,2026-03-28T14:15:00,2026-03-28T11:09:00,2026-03-28T15:12:00
486,8,2026-04-08T07:15:00,2026-04-08T10:15:00,2026-04-08T07:24:00,2026-04-08T10:13:00
487,7,2026-03-28T11:30:00,2026-03-28T14:30:00,2026-03-28T11:20:00,2026-03-28T14:54:00
488,1,2026-03-27T13:00:00,2026-03-27T14:00:00,2026-03-27T13:05:00,2026-03-27T14:44:00
489,3,2026-03-22T10:15:00,2026-03-22T13:15:00,2026-03-22T10:10:00,2026-03-22T13:59:00
490,7,2026-03-29T14:00:00,2026-03-29T15:00:00,2026-03-29T14:07:00,2026-03-29T15:01:00
491,8,2026-03-19T16:30:00,2026-03-19T17:30:00,2026-03-19T16:33:00,2026-03-19T18:16:00
492,1,2026-03-24T16:45:00,2026-03-24T19:45:00,2026-03-24T16:47:00,2026-03-24T19:59:00
493,8,2026-04-06T16:45:00,2026-04-06T18:45:00,2026-04-06T16:57:00,2026-04-06T19:44:00
494,8,2026-04-10T12:45:00,2026-04-10T15:45:00,2026-04-10T12:37:00,2026-04-10T16:18:00
495,4,2026-03-29T13:30:00,2026-03-29T16:30:00,2026-03-29T13:19:00,2026-03-29T17:07:00
496,7,2026-04-01T12:30:00,2026-04-01T14:30:00,2026-04-01T12:34:00,2026-04-01T14:02:00
497,4,2026-04-08T17:00:00,2026-04-08T19:00:00,2026-04-08T16:48:00,2026-04-08T19:20:00
498,8,2026-03-31T16:15:00,2026-03-31T19:15:00,2026-03-31T16:04:00,2026-03-31T19:02:00
499,8,2026-04-08T09:30:00,2026-04-08T10:30:00,2026-04-08T09:39:00,2026-04-08T10:58:00
500,9,2026-03-19T08:30:00,2026-03-19T11:30:00,2026-03-19T08:27:00,2026-03-19T12:00:00
