opnamenId,patientId,kamerId,startDatum,eindDatum
1,28,32,2025-10-19,2025-10-24
2,103,25,2026-02-18,2026-02-19
3,13,5,2026-01-30,2026-02-05
4,121,14,2025-09-29,2025-10-08
5,151,25,2025-03-30,2025-04-11
6,178,4,2025-12-22,2025-12-25
7,113,8,2025-09-19,2025-09-27
8,85,39,2026-01-02,2026-01-15
9,50,13,2025-03-22,2025-04-02
10,111,2,2025-12-27,2026-01-06
11,78,30,2026-03-01,2026-03-09
12,48,4,2025-07-01,2025-07-13
13,96,17,2026-02-25,2026-03-05
14,6,10,2026-01-04,2026-01-12
15,75,6,2025-08-05,2025-08-09
16,110,50,2025-04-20,2025-04-25
17,84,6,2025-06-07,2025-06-17
18,32,20,2025-07-11,2025-07-23
19,185,33,2025-04-11,2025-04-25
20,48,28,2025-12-10,2025-12-22
21,24,42,2025-03-31,2025-04-01
22,170,21,2025-04-27,2025-05-03
23,192,31,2025-05-18,2025-05-22
24,154,19,2025-12-10,2025-12-23
25,64,21,2025-07-31,2025-08-12
26,106,15,2025-08-04,2025-08-16
27,130,42,2026-01-29,2026-02-03
28,16,32,2025-10-18,2025-10-31
29,137,8,2025-07-17,2025-07-23
30,89,34,2026-01-30,2026-02-13
31,44,20,2025-07-20,2025-08-02
32,6,24,2025-09-30,2025-10-12
33,20,34,2025-12-17,2025-12-24
34,95,46,2025-04-26,2025-05-01
35,141,21,2025-09-13,2025-09-26
36,165,27,2025-06-15,2025-06-26
37,124,37,2025-08-27,2025-09-04
38,135,44,2025-09-12,2025-09-22
39,90,37,2025-06-18,2025-06-28
40,20,35,2025-11-25,2025-12-05
41,192,25,2025-04-03,2025-04-08
42,49,30,2026-01-27,2026-01-29
43,27,7,2025-03-24,2025-04-02
44,37,24,2025-11-11,2025-11-12
45,92,38,2026-01-29,2026-01-31
46,3,25,2025-05-23,2025-05-27
47,9,39,2025-11-07,2025-11-14
48,119,9,2025-12-30,2026-01-01
49,178,36,2025-10-11,2025-10-25
50,93,17,2025-06-08,2025-06-21
51,195,19,2025-09-19,2025-09-20
52,3,36,2026-01-29,2026-02-04
53,70,31,2025-04-08,2025-04-16
54,149,43,2025-07-15,2025-07-24
55,38,39,2025-06-29,2025-07-09
56,159,22,2025-08-11,2025-08-25
57,47,30,2025-04-15,2025-04-23
58,140,12,2026-01-02,2026-01-08
59,84,2,2026-01-26,2026-02-04
60,21,33,2025-08-04,2025-08-18
61,196,20,2025-05-03,2025-05-17
62,114,8,2025-04-21,2025-04-22
63,27,26,2026-03-12,2026-03-16
64,99,42,2025-10-26,2025-10-28
65,15,11,2026-02-17,2026-02-20
66,170,20,2025-05-25,2025-05-30
67,45,7,2025-03-14,2025-03-22
68,198,47,2025-10-17,2025-10-18
69,154,20,2025-12-27,2026-01-08
70,165,25,2025-05-03,2025-05-06
71,7,38,2025-08-31,2025-09-04
72,145,17,2026-02-08,2026-02-19
73,9,38,2025-10-23,2025-11-04
74,188,45,2025-06-10,2025-06-17
75,94,17,2025-10-05,2025-10-07
76,68,48,2025-12-18,2025-12-22
77,40,3,2025-10-14,2025-10-15
78,34,25,2025-07-11,2025-07-18
79,113,49,2025-09-27,2025-09-29
80,145,24,2025-08-12,2025-08-19
81,42,14,2025-09-02,2025-09-15
82,64,33,2026-02-10,2026-02-19
83,8,1,2025-11-22,2025-11-26
84,55,40,2026-02-15,2026-02-21
85,16,7,2025-10-26,2025-11-04
86,121,29,2025-07-25,2025-08-07
87,96,8,2025-04-24,2025-05-02
88,119,1,2025-10-28,2025-11-08
89,14,27,2025-07-22,2025-07-24
90,195,23,2025-05-21,2025-05-29
91,151,49,2025-07-10,2025-07-21
92,144,29,2025-08-28,2025-09-10
93,1,19,2025-05-16,2025-05-27
94,180,32,2025-08-24,2025-09-07
95,88,49,2026-03-06,2026-03-09
96,90,28,2025-06-04,2025-06-11
97,47,20,2025-09-25,2025-10-05
98,98,40,2025-12-08,2025-12-15
99,125,27,2025-08-05,2025-08-13
100,94,6,2026-01-16,2026-01-26
101,184,1,2025-11-11,2025-11-17
102,144,29,2025-05-18,2025-05-19
103,14,18,2026-01-22,2026-02-03
104,30,42,2025-04-24,2025-05-06
105,130,23,2025-07-04,2025-07-12
106,20,9,2025-10-15,2025-10-18
107,70,11,2025-04-02,2025-04-07
108,166,10,2026-02-18,2026-02-24
109,106,38,2025-08-01,2025-08-14
110,56,25,2025-09-04,2025-09-13
111,72,9,2025-10-03,2025-10-07
112,184,7,2025-04-27,2025-04-28
113,153,34,2025-06-11,2025-06-18
114,8,19,2025-11-15,2025-11-20
115,38,47,2026-01-08,2026-01-14
116,173,27,2025-06-03,2025-06-15
117,28,34,2025-03-24,2025-03-27
118,103,40,2025-06-02,2025-06-04
119,133,3,2025-06-02,2025-06-04
120,11,35,2025-11-13,2025-11-27
121,49,28,2025-03-31,2025-04-11
122,34,5,2025-07-05,2025-07-13
123,196,25,2025-03-16,2025-03-23
124,166,26,2025-09-26,2025-10-09
125,178,25,2025-04-23,2025-05-02
126,178,48,2025-08-30,2025-09-02
127,34,39,2025-10-14,2025-10-15
128,152,21,2025-09-12,2025-09-14
129,170,22,2026-02-11,2026-02-13
130,41,28,2025-03-24,2025-03-31
131,44,15,2025-04-19,2025-05-01
132,164,1,2025-07-14,2025-07-21
133,77,2,2025-04-25,2025-04-27
134,127,28,2025-07-08,2025-07-21
135,153,33,2025-12-15,2025-12-24
136,189,4,2025-08-20,2025-08-24
137,103,2,2025-10-10,2025-10-15
138,190,15,2025-09-23,2025-09-27
139,3,49,2025-06-08,2025-06-18
140,108,22,2025-09-10,2025-09-11
141,2,9,2026-01-29,2026-02-04
142,149,46,2025-03-25,2025-04-07
143,77,18,2025-12-27,2026-01-05
144,20,7,2025-04-01,2025-04-12
145,34,38,2025-11-10,2025-11-14
146,36,47,2025-05-21,2025-06-01
147,89,44,2025-10-18,2025-10-22
148,50,18,2025-10-08,2025-10-09
149,122,13,2026-02-06,2026-02-09
150,56,9,2025-08-31,2025-09-11
151,120,4,2026-02-09,2026-02-16
152,7,13,2025-03-23,2025-04-05
153,131,19,2026-01-29,2026-02-09
154,22,16,2026-01-17,2026-01-25
155,190,21,2025-04-28,2025-04-30
156,190,31,2025-12-12,2025-12-25
157,71,45,2025-10-21,2025-10-28
158,84,49,2025-03-19,2025-03-27
159,79,48,2025-12-09,2025-12-20
160,156,12,2025-04-21,2025-04-30
161,123,11,2025-10-04,2025-10-06
162,38,2,2025-12-08,2025-12-12
163,70,16,2025-10-22,2025-10-27
164,17,16,2025-11-20,2025-11-21
165,5,30,2026-02-17,2026-02-18
166,148,22,2025-12-24,2026-01-04
167,30,38,2025-11-12,2025-11-26
168,88,39,2025-10-20,2025-10-30
169,172,10,2025-11-21,2025-12-05
170,28,38,2026-02-11,2026-02-14
171,8,40,2025-03-16,2025-03-30
172,59,30,2026-01-11,2026-01-16
173,109,4,2025-05-11,2025-05-16
174,36,23,2025-07-20,2025-07-26
175,114,45,2025-04-30,2025-05-11
176,109,50,2025-04-30,2025-05-06
177,115,6,2025-10-19,2025-10-21
178,168,37,2025-09-14,2025-09-18
179,173,19,2025-11-19,2025-11-25
180,145,24,2026-03-06,2026-03-19
181,139,49,2025-05-25,2025-06-01
182,101,42,2026-01-19,2026-01-23
183,156,16,2025-08-28,2025-09-09
184,94,2,2025-05-23,2025-05-26
185,33,34,2025-10-14,2025-10-15
186,175,26,2025-10-30,2025-11-04
187,44,29,2025-10-26,2025-11-01
188,7,39,2025-11-22,2025-12-01
189,126,45,2025-08-26,2025-09-05
190,179,8,2025-05-07,2025-05-20
191,17,14,2025-08-31,2025-09-14
192,74,23,2025-10-05,2025-10-12
193,142,34,2025-03-31,2025-04-12
194,69,11,2025-10-24,2025-10-27
195,183,41,2025-05-16,2025-05-17
196,17,48,2025-08-21,2025-08-28
197,51,6,2025-11-03,2025-11-04
198,110,41,2026-02-15,2026-02-28
199,115,15,2025-10-02,2025-10-12
200,164,45,2025-12-21,2025-12-30
201,7,10,2025-12-22,2025-12-31
202,170,46,2026-03-08,2026-03-15
203,58,34,2025-04-26,2025-05-09
204,181,38,2025-11-08,2025-11-16
205,33,37,2025-05-13,2025-05-21
206,98,2,2025-09-01,2025-09-05
207,76,38,2026-01-10,2026-01-22
208,129,1,2025-06-22,2025-06-23
209,67,9,2025-11-05,2025-11-19
210,105,19,2025-05-01,2025-05-14
211,54,27,2025-07-29,2025-08-03
212,5,35,2025-08-04,2025-08-06
213,178,19,2025-06-24,2025-06-30
214,100,11,2025-11-19,2025-11-25
215,135,34,2025-04-04,2025-04-10
216,113,28,2025-10-04,2025-10-12
217,24,33,2025-03-25,2025-04-05
218,70,33,2025-06-12,2025-06-14
219,115,47,2025-06-28,2025-06-30
220,179,47,2025-05-12,2025-05-14
221,5,22,2026-01-23,2026-01-30
222,74,12,2025-06-23,2025-07-01
223,177,21,2025-03-22,2025-04-03
224,157,25,2025-05-28,2025-06-05
225,6,50,2025-07-25,2025-07-31
226,77,1,2025-08-13,2025-08-17
227,121,49,2025-07-29,2025-07-31
228,89,50,2025-06-06,2025-06-18
229,131,2,2026-02-17,2026-02-23
230,69,28,2025-05-30,2025-06-09
231,118,15,2025-11-01,2025-11-04
232,195,35,2026-02-07,2026-02-21
233,162,31,2025-11-08,2025-11-16
234,147,11,2025-05-11,2025-05-23
235,166,45,2025-11-17,2025-11-20
236,192,1,2025-07-11,2025-07-13
237,124,39,2025-11-01,2025-11-07
238,9,10,2025-07-25,2025-08-04
239,73,14,2025-09-11,2025-09-23
240,35,16,2026-03-09,2026-03-12
241,151,46,2026-02-08,2026-02-22
242,7,36,2026-02-10,2026-02-12
243,92,24,2025-06-01,2025-06-02
244,146,37,2025-06-25,2025-06-28
245,49,29,2025-05-12,2025-05-20
246,51,50,2026-02-15,2026-02-21
247,158,33,2025-05-07,2025-05-16
248,50,35,2025-03-26,2025-04-07
249,133,27,2025-09-03,2025-09-13
250,134,19,2025-12-26,2026-01-06
251,185,29,2025-12-14,2025-12-28
252,173,6,2025-06-17,2025-06-28
253,150,45,2025-09-11,2025-09-21
254,68,30,2026-03-04,2026-03-14
255,13,20,2025-08-30,2025-08-31
256,147,43,2025-08-28,2025-08-30
257,197,25,2025-04-13,2025-04-19
258,54,17,2025-12-17,2025-12-29
259,170,10,2025-09-07,2025-09-08
260,141,36,2025-12-30,2026-01-12
261,107,13,2026-02-07,2026-02-15
262,106,20,2025-11-12,2025-11-21
263,84,14,2025-10-07,2025-10-12
264,29,29,2026-03-03,2026-03-05
265,183,8,2025-05-20,2025-05-23
266,60,18,2025-04-18,2025-04-28
267,36,2,2025-11-02,2025-11-13
268,154,31,2026-03-13,2026-03-15
269,153,47,2025-05-24,2025-05-27
270,176,50,2025-11-06,2025-11-11
271,70,41,2025-08-09,2025-08-15
272,103,30,2025-06-21,2025-06-24
273,137,5,2025-06-20,2025-07-04
274,182,25,2025-05-20,2025-06-03
275,26,15,2025-12-14,2025-12-28
276,169,37,2025-05-06,2025-05-17
277,160,23,2025-12-03,2025-12-07
278,140,34,2026-03-09,2026-03-17
279,89,27,2025-08-08,2025-08-13
280,28,35,2026-01-27,2026-01-29
281,160,31,2025-09-12,2025-09-21
282,200,22,2025-11-08,2025-11-16
283,7,6,2025-06-12,2025-06-16
284,57,21,2025-11-16,2025-11-19
285,148,32,2025-09-22,2025-09-28
286,140,22,2025-03-16,2025-03-19
287,117,24,2025-05-20,2025-06-01
288,57,33,2025-05-24,2025-06-01
289,35,49,2026-01-31,2026-02-03
290,21,40,2025-09-19,2025-09-24
291,18,12,2025-12-31,2026-01-01
292,71,35,2025-08-30,2025-09-09
293,175,36,2025-05-14,2025-05-23
294,29,23,2026-01-14,2026-01-16
295,58,31,2025-09-04,2025-09-09
296,180,46,2026-03-03,2026-03-04
297,15,49,2025-08-31,2025-09-09
298,110,48,2026-02-15,2026-02-19
299,107,8,2025-07-18,2025-07-26
300,128,4,2026-01-21,2026-02-03
