roosterId,medewerkerId,datum,startTijd,eindTijd
1,2,2027-01-12,1900-01-01 15:45:00,1900-01-01 20:45:00
2,153,2026-09-22,1900-01-01 20:15:00,1900-01-02 00:15:00
3,38,2026-08-20,1900-01-01 23:30:00,1900-01-02 04:30:00
4,158,2026-04-09,1900-01-01 11:00:00,1900-01-01 16:00:00
5,80,2026-11-27,1900-01-01 08:45:00,1900-01-01 16:45:00
6,33,2026-11-02,1900-01-01 14:15:00,1900-01-01 20:15:00
7,52,2026-07-10,1900-01-01 15:45:00,1900-01-01 19:45:00
8,137,2026-10-05,1900-01-01 10:15:00,1900-01-01 18:15:00
9,113,2026-09-23,1900-01-01 11:15:00,1900-01-01 15:15:00
10,48,2026-06-18,1900-01-01 12:45:00,1900-01-01 20:45:00
11,53,2026-03-14,1900-01-01 05:30:00,1900-01-01 13:30:00
12,126,2026-10-12,1900-01-01 12:45:00,1900-01-01 19:45:00
13,164,2026-12-26,1900-01-01 08:30:00,1900-01-01 12:30:00
14,87,2027-03-03,1900-01-01 08:15:00,1900-01-01 14:15:00
15,96,2026-04-26,1900-01-01 18:00:00,1900-01-01 23:00:00
16,99,2027-01-03,1900-01-01 12:30:00,1900-01-01 19:30:00
17,38,2027-03-12,1900-01-01 08:30:00,1900-01-01 14:30:00
18,146,2026-09-25,1900-01-01 13:30:00,1900-01-01 19:30:00
19,64,2026-05-29,1900-01-01 15:45:00,1900-01-01 19:45:00
20,63,2027-02-05,1900-01-01 11:15:00,1900-01-01 18:15:00
21,184,2026-12-17,1900-01-01 09:15:00,1900-01-01 17:15:00
22,46,2026-07-04,1900-01-01 23:45:00,1900-01-02 07:45:00
23,157,2026-09-03,1900-01-01 10:45:00,1900-01-01 16:45:00
24,183,2026-05-29,1900-01-01 07:30:00,1900-01-01 14:30:00
25,131,2026-08-28,1900-01-01 09:45:00,1900-01-01 15:45:00
26,182,2026-05-02,1900-01-01 15:15:00,1900-01-01 23:15:00
27,136,2027-01-16,1900-01-01 10:30:00,1900-01-01 14:30:00
28,193,2026-07-18,1900-01-01 11:45:00,1900-01-01 18:45:00
29,180,2026-08-13,1900-01-01 06:15:00,1900-01-01 11:15:00
30,62,2026-06-04,1900-01-01 05:15:00,1900-01-01 12:15:00
31,193,2026-11-15,1900-01-01 22:30:00,1900-01-02 04:30:00
32,47,2027-01-07,1900-01-01 08:00:00,1900-01-01 15:00:00
33,38,2026-08-25,1900-01-01 08:30:00,1900-01-01 14:30:00
34,34,2026-10-22,1900-01-01 14:00:00,1900-01-01 22:00:00
35,142,2026-04-23,1900-01-01 13:30:00,1900-01-01 18:30:00
36,106,2026-10-26,1900-01-01 13:30:00,1900-01-01 20:30:00
37,2,2026-11-02,1900-01-01 10:00:00,1900-01-01 14:00:00
38,170,2026-04-11,1900-01-01 07:30:00,1900-01-01 12:30:00
39,106,2026-10-30,1900-01-01 18:45:00,1900-01-02 00:45:00
40,125,2026-04-30,1900-01-01 17:15:00,1900-01-01 21:15:00
41,161,2026-06-21,1900-01-01 23:45:00,1900-01-02 07:45:00
42,138,2026-06-24,1900-01-01 12:15:00,1900-01-01 17:15:00
43,11,2026-12-22,1900-01-01 13:45:00,1900-01-01 19:45:00
44,193,2027-01-08,1900-01-01 10:00:00,1900-01-01 15:00:00
45,153,2026-08-03,1900-01-01 00:00:00,1900-01-01 06:00:00
46,138,2026-10-24,1900-01-01 08:00:00,1900-01-01 15:00:00
47,129,2026-12-14,1900-01-01 17:30:00,1900-01-01 23:30:00
48,62,2026-10-05,1900-01-01 10:00:00,1900-01-01 16:00:00
49,3,2026-04-15,1900-01-01 12:30:00,1900-01-01 20:30:00
50,174,2027-01-02,1900-01-01 12:45:00,1900-01-01 19:45:00
51,91,2026-05-17,1900-01-01 21:00:00,1900-01-02 01:00:00
52,46,2026-09-16,1900-01-01 16:00:00,1900-01-01 20:00:00
53,122,2026-09-12,1900-01-01 04:45:00,1900-01-01 08:45:00
54,8,2026-11-21,1900-01-01 08:00:00,1900-01-01 14:00:00
55,117,2026-10-11,1900-01-01 14:15:00,1900-01-01 21:15:00
56,66,2026-11-23,1900-01-01 11:15:00,1900-01-01 18:15:00
57,108,2027-02-24,1900-01-01 08:30:00,1900-01-01 14:30:00
58,108,2026-10-17,1900-01-01 13:45:00,1900-01-01 18:45:00
59,81,2026-07-16,1900-01-01 13:45:00,1900-01-01 21:45:00
60,142,2026-05-26,1900-01-01 15:15:00,1900-01-01 21:15:00
61,58,2027-01-16,1900-01-01 14:15:00,1900-01-01 20:15:00
62,139,2026-05-04,1900-01-01 15:45:00,1900-01-01 19:45:00
63,15,2026-09-28,1900-01-01 18:00:00,1900-01-02 02:00:00
64,136,2026-06-01,1900-01-01 09:45:00,1900-01-01 16:45:00
65,88,2026-10-02,1900-01-01 12:15:00,1900-01-01 20:15:00
66,25,2026-12-05,1900-01-01 17:00:00,1900-01-01 22:00:00
67,110,2026-07-27,1900-01-01 09:30:00,1900-01-01 13:30:00
68,124,2026-03-25,1900-01-01 17:45:00,1900-01-01 21:45:00
69,173,2026-06-19,1900-01-01 11:15:00,1900-01-01 16:15:00
70,107,2026-04-02,1900-01-01 02:30:00,1900-01-01 10:30:00
71,59,2027-02-22,1900-01-01 11:00:00,1900-01-01 17:00:00
72,96,2026-05-08,1900-01-01 10:30:00,1900-01-01 14:30:00
73,108,2026-11-17,1900-01-01 12:00:00,1900-01-01 16:00:00
74,141,2027-02-11,1900-01-01 08:00:00,1900-01-01 14:00:00
75,70,2026-04-08,1900-01-01 11:15:00,1900-01-01 16:15:00
76,96,2026-05-26,1900-01-01 12:30:00,1900-01-01 20:30:00
77,143,2026-07-23,1900-01-01 10:30:00,1900-01-01 18:30:00
78,103,2026-09-28,1900-01-01 14:00:00,1900-01-01 18:00:00
79,74,2026-09-13,1900-01-01 11:00:00,1900-01-01 18:00:00
80,59,2027-02-04,1900-01-01 04:30:00,1900-01-01 11:30:00
81,168,2027-02-03,1900-01-01 06:00:00,1900-01-01 10:00:00
82,176,2026-06-29,1900-01-01 10:45:00,1900-01-01 16:45:00
83,119,2026-08-04,1900-01-01 03:00:00,1900-01-01 07:00:00
84,19,2026-07-03,1900-01-01 08:00:00,1900-01-01 16:00:00
85,57,2026-04-13,1900-01-01 09:15:00,1900-01-01 15:15:00
86,92,2026-05-16,1900-01-01 05:15:00,1900-01-01 12:15:00
87,151,2026-08-28,1900-01-01 13:15:00,1900-01-01 19:15:00
88,29,2026-07-23,1900-01-01 08:00:00,1900-01-01 15:00:00
89,62,2026-04-09,1900-01-01 05:45:00,1900-01-01 10:45:00
90,162,2027-01-17,1900-01-01 15:30:00,1900-01-01 21:30:00
91,172,2027-01-12,1900-01-01 14:30:00,1900-01-01 21:30:00
92,27,2026-08-12,1900-01-01 12:15:00,1900-01-01 20:15:00
93,163,2027-03-01,1900-01-01 08:45:00,1900-01-01 15:45:00
94,127,2026-09-24,1900-01-01 04:15:00,1900-01-01 10:15:00
95,173,2026-07-30,1900-01-01 21:15:00,1900-01-02 02:15:00
96,34,2026-06-21,1900-01-01 10:00:00,1900-01-01 14:00:00
97,7,2026-04-22,1900-01-01 11:15:00,1900-01-01 15:15:00
98,140,2026-10-20,1900-01-01 02:00:00,1900-01-01 08:00:00
99,165,2026-11-27,1900-01-01 12:30:00,1900-01-01 18:30:00
100,46,2026-11-12,1900-01-01 05:45:00,1900-01-01 10:45:00
101,157,2026-11-11,1900-01-01 12:30:00,1900-01-01 17:30:00
102,74,2026-05-12,1900-01-01 11:45:00,1900-01-01 18:45:00
103,64,2026-12-16,1900-01-01 10:45:00,1900-01-01 16:45:00
104,11,2027-03-12,1900-01-01 16:30:00,1900-01-02 00:30:00
105,38,2026-03-14,1900-01-01 20:30:00,1900-01-02 03:30:00
106,45,2026-04-11,1900-01-01 13:00:00,1900-01-01 18:00:00
107,171,2026-11-09,1900-01-01 13:00:00,1900-01-01 17:00:00
108,48,2026-04-06,1900-01-01 10:45:00,1900-01-01 14:45:00
109,28,2027-02-13,1900-01-01 10:00:00,1900-01-01 18:00:00
110,170,2026-10-11,1900-01-01 08:15:00,1900-01-01 13:15:00
111,159,2026-11-14,1900-01-01 21:30:00,1900-01-02 03:30:00
112,87,2026-06-17,1900-01-01 13:15:00,1900-01-01 18:15:00
113,41,2026-11-20,1900-01-01 00:15:00,1900-01-01 06:15:00
114,200,2026-06-04,1900-01-01 20:15:00,1900-01-02 02:15:00
115,133,2026-12-20,1900-01-01 08:45:00,1900-01-01 13:45:00
116,188,2026-03-25,1900-01-01 12:45:00,1900-01-01 18:45:00
117,60,2026-07-11,1900-01-01 22:30:00,1900-01-02 02:30:00
118,197,2026-07-19,1900-01-01 11:00:00,1900-01-01 19:00:00
119,5,2026-11-05,1900-01-01 17:00:00,1900-01-02 01:00:00
120,18,2026-12-16,1900-01-01 16:15:00,1900-01-01 20:15:00
121,158,2026-12-11,1900-01-01 16:00:00,1900-01-02 00:00:00
122,92,2026-05-14,1900-01-01 12:15:00,1900-01-01 16:15:00
123,196,2026-11-29,1900-01-01 10:00:00,1900-01-01 18:00:00
124,105,2026-09-01,1900-01-01 12:00:00,1900-01-01 20:00:00
125,175,2027-01-11,1900-01-01 05:30:00,1900-01-01 10:30:00
126,24,2026-08-31,1900-01-01 15:45:00,1900-01-01 21:45:00
127,66,2026-10-26,1900-01-01 11:00:00,1900-01-01 16:00:00
128,107,2026-10-14,1900-01-01 18:00:00,1900-01-02 01:00:00
129,50,2026-12-07,1900-01-01 19:30:00,1900-01-01 23:30:00
130,3,2026-09-21,1900-01-01 12:15:00,1900-01-01 19:15:00
131,73,2027-01-17,1900-01-01 08:45:00,1900-01-01 12:45:00
132,125,2026-11-23,1900-01-01 14:45:00,1900-01-01 22:45:00
133,30,2026-08-30,1900-01-01 17:45:00,1900-01-02 00:45:00
134,190,2026-12-15,1900-01-01 10:15:00,1900-01-01 17:15:00
135,90,2026-10-09,1900-01-01 14:15:00,1900-01-01 22:15:00
136,31,2026-12-31,1900-01-01 09:30:00,1900-01-01 17:30:00
137,75,2026-06-29,1900-01-01 10:00:00,1900-01-01 15:00:00
138,194,2026-10-05,1900-01-01 10:45:00,1900-01-01 15:45:00
139,177,2026-05-04,1900-01-01 13:45:00,1900-01-01 21:45:00
140,118,2026-10-09,1900-01-01 08:30:00,1900-01-01 12:30:00
141,61,2026-06-24,1900-01-01 12:00:00,1900-01-01 19:00:00
142,146,2026-07-24,1900-01-01 22:30:00,1900-01-02 05:30:00
143,30,2027-02-25,1900-01-01 10:15:00,1900-01-01 18:15:00
144,168,2027-01-22,1900-01-01 04:30:00,1900-01-01 11:30:00
145,98,2027-02-24,1900-01-01 12:15:00,1900-01-01 18:15:00
146,98,2026-06-25,1900-01-01 09:45:00,1900-01-01 15:45:00
147,140,2026-09-06,1900-01-01 16:15:00,1900-01-01 21:15:00
148,85,2027-02-10,1900-01-01 03:30:00,1900-01-01 07:30:00
149,51,2026-10-05,1900-01-01 12:45:00,1900-01-01 18:45:00
150,181,2026-07-21,1900-01-01 12:45:00,1900-01-01 18:45:00
151,144,2026-07-15,1900-01-01 14:45:00,1900-01-01 22:45:00
152,43,2026-03-16,1900-01-01 04:45:00,1900-01-01 11:45:00
153,112,2027-02-26,1900-01-01 14:45:00,1900-01-01 20:45:00
154,12,2027-02-24,1900-01-01 06:45:00,1900-01-01 12:45:00
155,178,2026-08-01,1900-01-01 11:30:00,1900-01-01 19:30:00
156,133,2026-03-22,1900-01-01 11:00:00,1900-01-01 19:00:00
157,74,2027-03-02,1900-01-01 02:45:00,1900-01-01 09:45:00
158,188,2026-07-11,1900-01-01 14:15:00,1900-01-01 20:15:00
159,1,2026-11-02,1900-01-01 13:00:00,1900-01-01 21:00:00
160,103,2027-02-14,1900-01-01 01:15:00,1900-01-01 07:15:00
161,62,2026-07-18,1900-01-01 03:45:00,1900-01-01 08:45:00
162,186,2026-09-17,1900-01-01 01:00:00,1900-01-01 08:00:00
163,195,2026-10-23,1900-01-01 10:00:00,1900-01-01 18:00:00
164,45,2026-06-12,1900-01-01 08:00:00,1900-01-01 12:00:00
165,88,2026-08-13,1900-01-01 16:15:00,1900-01-02 00:15:00
166,105,2026-11-01,1900-01-01 07:45:00,1900-01-01 14:45:00
167,164,2026-12-18,1900-01-01 12:45:00,1900-01-01 18:45:00
168,149,2027-01-10,1900-01-01 14:15:00,1900-01-01 21:15:00
169,3,2026-08-27,1900-01-01 00:00:00,1900-01-01 08:00:00
170,80,2026-07-29,1900-01-01 17:15:00,1900-01-01 23:15:00
171,156,2026-06-30,1900-01-01 11:00:00,1900-01-01 19:00:00
172,39,2026-06-22,1900-01-01 12:15:00,1900-01-01 17:15:00
173,199,2026-08-07,1900-01-01 00:15:00,1900-01-01 04:15:00
174,11,2026-12-18,1900-01-01 08:00:00,1900-01-01 12:00:00
175,28,2026-06-13,1900-01-01 18:15:00,1900-01-02 02:15:00
176,66,2026-10-18,1900-01-01 15:15:00,1900-01-01 22:15:00
177,172,2026-03-24,1900-01-01 10:15:00,1900-01-01 18:15:00
178,29,2026-05-16,1900-01-01 09:30:00,1900-01-01 13:30:00
179,67,2026-06-13,1900-01-01 09:45:00,1900-01-01 14:45:00
180,134,2027-02-11,1900-01-01 05:45:00,1900-01-01 12:45:00
181,122,2027-02-15,1900-01-01 10:00:00,1900-01-01 14:00:00
182,6,2026-06-10,1900-01-01 12:15:00,1900-01-01 19:15:00
183,121,2026-08-13,1900-01-01 08:00:00,1900-01-01 16:00:00
184,174,2027-03-05,1900-01-01 18:45:00,1900-01-01 22:45:00
185,85,2026-03-16,1900-01-01 09:00:00,1900-01-01 17:00:00
186,196,2027-03-05,1900-01-01 20:00:00,1900-01-02 01:00:00
187,128,2026-07-24,1900-01-01 09:45:00,1900-01-01 16:45:00
188,131,2026-06-25,1900-01-01 04:00:00,1900-01-01 09:00:00
189,109,2026-06-13,1900-01-01 10:00:00,1900-01-01 14:00:00
190,153,2026-10-30,1900-01-01 10:15:00,1900-01-01 18:15:00
191,116,2026-08-14,1900-01-01 07:15:00,1900-01-01 11:15:00
192,41,2026-07-21,1900-01-01 09:15:00,1900-01-01 17:15:00
193,168,2026-06-14,1900-01-01 04:00:00,1900-01-01 12:00:00
194,93,2027-02-19,1900-01-01 16:30:00,1900-01-01 20:30:00
195,78,2026-05-22,1900-01-01 15:00:00,1900-01-01 23:00:00
196,130,2027-02-07,1900-01-01 18:30:00,1900-01-01 22:30:00
197,48,2027-01-14,1900-01-01 01:15:00,1900-01-01 07:15:00
198,179,2026-04-07,1900-01-01 02:00:00,1900-01-01 06:00:00
199,79,2026-06-20,1900-01-01 14:45:00,1900-01-01 19:45:00
200,71,2026-06-15,1900-01-01 15:30:00,1900-01-01 23:30:00
201,75,2026-05-28,1900-01-01 19:00:00,1900-01-02 00:00:00
202,89,2026-09-22,1900-01-01 16:00:00,1900-01-01 22:00:00
203,103,2026-12-12,1900-01-01 14:15:00,1900-01-01 20:15:00
204,30,2027-01-08,1900-01-01 17:30:00,1900-01-02 01:30:00
205,117,2026-07-04,1900-01-01 01:15:00,1900-01-01 06:15:00
206,50,2026-11-11,1900-01-01 23:15:00,1900-01-02 05:15:00
207,26,2026-09-23,1900-01-01 14:15:00,1900-01-01 20:15:00
208,61,2026-11-06,1900-01-01 13:15:00,1900-01-01 18:15:00
209,110,2026-08-14,1900-01-01 09:45:00,1900-01-01 14:45:00
210,192,2026-12-04,1900-01-01 14:30:00,1900-01-01 20:30:00
211,21,2026-07-01,1900-01-01 16:30:00,1900-01-01 23:30:00
212,7,2027-02-03,1900-01-01 20:15:00,1900-01-02 02:15:00
213,143,2026-04-02,1900-01-01 11:30:00,1900-01-01 16:30:00
214,81,2026-05-24,1900-01-01 16:45:00,1900-01-01 20:45:00
215,50,2026-04-06,1900-01-01 07:30:00,1900-01-01 15:30:00
216,112,2026-05-08,1900-01-01 15:15:00,1900-01-01 22:15:00
217,182,2026-11-11,1900-01-01 12:45:00,1900-01-01 20:45:00
218,164,2026-04-27,1900-01-01 19:15:00,1900-01-02 02:15:00
219,50,2026-08-01,1900-01-01 17:15:00,1900-01-01 22:15:00
220,24,2027-01-25,1900-01-01 09:15:00,1900-01-01 14:15:00
221,20,2027-01-04,1900-01-01 07:15:00,1900-01-01 15:15:00
222,26,2027-01-26,1900-01-01 14:15:00,1900-01-01 21:15:00
223,166,2026-05-10,1900-01-01 12:45:00,1900-01-01 20:45:00
224,58,2026-10-16,1900-01-01 15:45:00,1900-01-01 20:45:00
225,71,2026-03-25,1900-01-01 13:30:00,1900-01-01 19:30:00
226,158,2027-03-14,1900-01-01 09:45:00,1900-01-01 17:45:00
227,86,2026-04-07,1900-01-01 18:30:00,1900-01-01 23:30:00
228,162,2026-11-05,1900-01-01 10:00:00,1900-01-01 16:00:00
229,190,2027-02-23,1900-01-01 00:45:00,1900-01-01 07:45:00
230,81,2026-08-12,1900-01-01 10:45:00,1900-01-01 14:45:00
231,97,2027-01-17,1900-01-01 00:15:00,1900-01-01 04:15:00
232,196,2026-04-03,1900-01-01 10:30:00,1900-01-01 18:30:00
233,44,2026-12-12,1900-01-01 11:30:00,1900-01-01 15:30:00
234,39,2026-12-03,1900-01-01 00:00:00,1900-01-01 04:00:00
235,164,2026-07-19,1900-01-01 22:15:00,1900-01-02 04:15:00
236,54,2026-12-09,1900-01-01 19:30:00,1900-01-02 01:30:00
237,60,2026-06-20,1900-01-01 04:30:00,1900-01-01 12:30:00
238,198,2026-04-16,1900-01-01 13:30:00,1900-01-01 19:30:00
239,118,2027-02-23,1900-01-01 13:45:00,1900-01-01 19:45:00
240,177,2026-08-07,1900-01-01 13:15:00,1900-01-01 18:15:00
241,6,2026-11-10,1900-01-01 18:15:00,1900-01-02 01:15:00
242,164,2026-05-24,1900-01-01 11:45:00,1900-01-01 18:45:00
243,40,2026-05-29,1900-01-01 15:30:00,1900-01-01 22:30:00
244,42,2026-04-01,1900-01-01 11:45:00,1900-01-01 19:45:00
245,75,2026-04-29,1900-01-01 11:30:00,1900-01-01 16:30:00
246,25,2026-04-10,1900-01-01 13:30:00,1900-01-01 21:30:00
247,12,2026-08-04,1900-01-01 23:30:00,1900-01-02 05:30:00
248,122,2026-12-07,1900-01-01 15:00:00,1900-01-01 22:00:00
249,66,2026-05-09,1900-01-01 18:00:00,1900-01-02 02:00:00
250,142,2026-04-26,1900-01-01 08:00:00,1900-01-01 15:00:00
251,111,2026-07-13,1900-01-01 10:30:00,1900-01-01 15:30:00
252,159,2026-07-10,1900-01-01 02:30:00,1900-01-01 06:30:00
253,187,2026-08-29,1900-01-01 16:15:00,1900-01-01 22:15:00
254,29,2026-12-30,1900-01-01 11:15:00,1900-01-01 19:15:00
255,19,2026-08-25,1900-01-01 04:30:00,1900-01-01 08:30:00
256,91,2026-11-16,1900-01-01 04:45:00,1900-01-01 11:45:00
257,57,2026-10-28,1900-01-01 10:00:00,1900-01-01 16:00:00
258,73,2026-12-13,1900-01-01 08:15:00,1900-01-01 13:15:00
259,83,2027-01-02,1900-01-01 16:30:00,1900-01-01 20:30:00
260,197,2026-07-18,1900-01-01 11:00:00,1900-01-01 16:00:00
261,164,2026-11-22,1900-01-01 12:30:00,1900-01-01 19:30:00
262,85,2026-08-16,1900-01-01 03:45:00,1900-01-01 08:45:00
263,139,2026-09-17,1900-01-01 12:30:00,1900-01-01 17:30:00
264,180,2026-08-12,1900-01-01 17:15:00,1900-01-01 21:15:00
265,166,2026-03-30,1900-01-01 08:00:00,1900-01-01 12:00:00
266,191,2026-10-15,1900-01-01 20:30:00,1900-01-02 04:30:00
267,126,2027-02-09,1900-01-01 19:15:00,1900-01-02 02:15:00
268,178,2027-03-01,1900-01-01 05:00:00,1900-01-01 10:00:00
269,117,2026-05-11,1900-01-01 01:30:00,1900-01-01 06:30:00
270,106,2026-08-20,1900-01-01 13:00:00,1900-01-01 18:00:00
271,97,2027-02-26,1900-01-01 14:30:00,1900-01-01 22:30:00
272,112,2026-12-04,1900-01-01 07:30:00,1900-01-01 15:30:00
273,183,2027-03-10,1900-01-01 15:45:00,1900-01-01 22:45:00
274,130,2026-11-01,1900-01-01 10:45:00,1900-01-01 15:45:00
275,57,2026-06-10,1900-01-01 13:15:00,1900-01-01 17:15:00
276,163,2026-07-28,1900-01-01 13:00:00,1900-01-01 19:00:00
277,58,2026-06-14,1900-01-01 11:15:00,1900-01-01 18:15:00
278,47,2026-06-14,1900-01-01 17:30:00,1900-01-01 23:30:00
279,143,2026-12-28,1900-01-01 14:30:00,1900-01-01 20:30:00
280,96,2026-04-02,1900-01-01 14:45:00,1900-01-01 20:45:00
281,136,2026-08-10,1900-01-01 10:00:00,1900-01-01 17:00:00
282,39,2027-02-01,1900-01-01 01:15:00,1900-01-01 09:15:00
283,1,2026-10-29,1900-01-01 12:15:00,1900-01-01 19:15:00
284,115,2026-12-31,1900-01-01 05:15:00,1900-01-01 11:15:00
285,39,2026-10-09,1900-01-01 09:15:00,1900-01-01 17:15:00
286,116,2026-12-30,1900-01-01 11:00:00,1900-01-01 15:00:00
287,106,2026-10-23,1900-01-01 03:15:00,1900-01-01 08:15:00
288,177,2026-11-14,1900-01-01 12:30:00,1900-01-01 18:30:00
289,103,2027-01-08,1900-01-01 09:45:00,1900-01-01 13:45:00
290,12,2026-10-23,1900-01-01 17:00:00,1900-01-01 22:00:00
291,27,2027-02-01,1900-01-01 12:15:00,1900-01-01 20:15:00
292,34,2026-12-01,1900-01-01 17:00:00,1900-01-01 23:00:00
293,166,2026-06-26,1900-01-01 03:45:00,1900-01-01 07:45:00
294,12,2026-10-23,1900-01-01 12:45:00,1900-01-01 16:45:00
295,135,2026-12-27,1900-01-01 13:45:00,1900-01-01 17:45:00
296,99,2026-05-12,1900-01-01 06:00:00,1900-01-01 10:00:00
297,91,2026-09-21,1900-01-01 22:45:00,1900-01-02 02:45:00
298,55,2027-02-03,1900-01-01 11:15:00,1900-01-01 17:15:00
299,97,2026-06-22,1900-01-01 13:15:00,1900-01-01 18:15:00
300,153,2027-03-10,1900-01-01 14:15:00,1900-01-01 21:15:00
301,128,2026-05-07,1900-01-01 13:45:00,1900-01-01 21:45:00
302,15,2027-03-07,1900-01-01 00:00:00,1900-01-01 08:00:00
303,34,2026-12-27,1900-01-01 23:00:00,1900-01-02 04:00:00
304,190,2026-12-01,1900-01-01 19:30:00,1900-01-02 03:30:00
305,69,2026-04-01,1900-01-01 12:00:00,1900-01-01 16:00:00
306,104,2026-11-21,1900-01-01 20:30:00,1900-01-02 01:30:00
307,20,2026-04-03,1900-01-01 09:15:00,1900-01-01 17:15:00
308,1,2026-07-16,1900-01-01 16:30:00,1900-01-01 20:30:00
309,28,2026-10-12,1900-01-01 17:30:00,1900-01-01 22:30:00
310,28,2026-05-10,1900-01-01 20:15:00,1900-01-02 03:15:00
311,57,2026-12-24,1900-01-01 01:45:00,1900-01-01 07:45:00
312,71,2026-08-04,1900-01-01 13:15:00,1900-01-01 18:15:00
313,153,2026-05-27,1900-01-01 09:45:00,1900-01-01 15:45:00
314,154,2026-07-11,1900-01-01 09:00:00,1900-01-01 17:00:00
315,159,2026-05-27,1900-01-01 02:30:00,1900-01-01 10:30:00
316,74,2026-08-16,1900-01-01 14:15:00,1900-01-01 20:15:00
317,127,2026-05-17,1900-01-01 03:00:00,1900-01-01 08:00:00
318,5,2026-03-15,1900-01-01 08:30:00,1900-01-01 14:30:00
319,63,2026-03-14,1900-01-01 10:30:00,1900-01-01 18:30:00
320,130,2026-10-30,1900-01-01 22:15:00,1900-01-02 05:15:00
321,182,2026-08-16,1900-01-01 14:15:00,1900-01-01 20:15:00
322,16,2027-03-08,1900-01-01 16:00:00,1900-01-02 00:00:00
323,109,2026-03-23,1900-01-01 10:15:00,1900-01-01 17:15:00
324,138,2026-11-22,1900-01-01 06:15:00,1900-01-01 10:15:00
325,149,2026-04-06,1900-01-01 21:45:00,1900-01-02 05:45:00
326,22,2027-01-16,1900-01-01 10:45:00,1900-01-01 14:45:00
327,192,2026-12-28,1900-01-01 17:15:00,1900-01-02 00:15:00
328,55,2026-05-23,1900-01-01 19:00:00,1900-01-01 23:00:00
329,138,2026-07-27,1900-01-01 11:30:00,1900-01-01 15:30:00
330,131,2026-08-04,1900-01-01 14:00:00,1900-01-01 19:00:00
331,30,2026-07-29,1900-01-01 06:15:00,1900-01-01 10:15:00
332,141,2026-05-02,1900-01-01 07:45:00,1900-01-01 12:45:00
333,58,2026-07-27,1900-01-01 23:15:00,1900-01-02 06:15:00
334,7,2027-01-23,1900-01-01 00:45:00,1900-01-01 08:45:00
335,65,2027-03-14,1900-01-01 14:00:00,1900-01-01 19:00:00
336,55,2026-08-23,1900-01-01 11:00:00,1900-01-01 15:00:00
337,130,2026-09-25,1900-01-01 14:15:00,1900-01-01 21:15:00
338,5,2026-05-23,1900-01-01 11:00:00,1900-01-01 15:00:00
339,154,2027-03-03,1900-01-01 21:15:00,1900-01-02 02:15:00
340,26,2026-12-03,1900-01-01 09:15:00,1900-01-01 17:15:00
341,16,2026-08-15,1900-01-01 16:15:00,1900-01-01 21:15:00
342,165,2026-05-29,1900-01-01 08:45:00,1900-01-01 16:45:00
343,38,2026-11-30,1900-01-01 10:00:00,1900-01-01 17:00:00
344,51,2026-05-01,1900-01-01 17:00:00,1900-01-01 21:00:00
345,87,2027-01-12,1900-01-01 12:00:00,1900-01-01 17:00:00
346,141,2026-08-13,1900-01-01 13:00:00,1900-01-01 17:00:00
347,170,2026-05-03,1900-01-01 10:00:00,1900-01-01 14:00:00
348,144,2027-02-05,1900-01-01 12:30:00,1900-01-01 20:30:00
349,14,2026-12-01,1900-01-01 17:00:00,1900-01-02 00:00:00
350,138,2027-01-30,1900-01-01 01:15:00,1900-01-01 09:15:00
351,194,2027-03-11,1900-01-01 11:15:00,1900-01-01 18:15:00
352,150,2026-09-25,1900-01-01 09:30:00,1900-01-01 16:30:00
353,78,2026-05-12,1900-01-01 12:00:00,1900-01-01 16:00:00
354,176,2027-02-08,1900-01-01 09:30:00,1900-01-01 16:30:00
355,123,2026-09-11,1900-01-01 13:30:00,1900-01-01 19:30:00
356,177,2026-12-27,1900-01-01 01:30:00,1900-01-01 08:30:00
357,77,2026-04-01,1900-01-01 08:00:00,1900-01-01 13:00:00
358,55,2026-04-26,1900-01-01 15:00:00,1900-01-01 21:00:00
359,200,2026-06-30,1900-01-01 14:30:00,1900-01-01 19:30:00
360,144,2026-06-12,1900-01-01 17:15:00,1900-01-02 00:15:00
361,117,2027-03-08,1900-01-01 15:45:00,1900-01-01 19:45:00
362,195,2026-11-08,1900-01-01 18:15:00,1900-01-02 01:15:00
363,43,2026-10-22,1900-01-01 16:45:00,1900-01-01 23:45:00
364,140,2026-08-24,1900-01-01 16:00:00,1900-01-01 20:00:00
365,164,2027-01-23,1900-01-01 13:00:00,1900-01-01 17:00:00
366,74,2026-08-25,1900-01-01 12:00:00,1900-01-01 19:00:00
367,156,2026-12-04,1900-01-01 16:45:00,1900-01-01 23:45:00
368,66,2027-02-05,1900-01-01 12:15:00,1900-01-01 18:15:00
369,2,2026-05-18,1900-01-01 09:45:00,1900-01-01 13:45:00
370,110,2026-07-26,1900-01-01 09:15:00,1900-01-01 13:15:00
371,73,2026-12-20,1900-01-01 02:00:00,1900-01-01 09:00:00
372,83,2026-08-09,1900-01-01 13:30:00,1900-01-01 17:30:00
373,31,2026-05-15,1900-01-01 21:45:00,1900-01-02 03:45:00
374,118,2027-01-28,1900-01-01 12:45:00,1900-01-01 16:45:00
375,154,2026-12-11,1900-01-01 12:30:00,1900-01-01 18:30:00
376,143,2026-07-21,1900-01-01 01:45:00,1900-01-01 06:45:00
377,167,2026-05-23,1900-01-01 00:00:00,1900-01-01 06:00:00
378,38,2026-06-18,1900-01-01 14:30:00,1900-01-01 18:30:00
379,50,2026-03-31,1900-01-01 16:30:00,1900-01-02 00:30:00
380,61,2026-03-19,1900-01-01 07:30:00,1900-01-01 12:30:00
381,59,2027-01-01,1900-01-01 07:30:00,1900-01-01 11:30:00
382,79,2026-06-06,1900-01-01 17:30:00,1900-01-01 21:30:00
383,80,2026-11-05,1900-01-01 22:15:00,1900-01-02 05:15:00
384,73,2026-12-25,1900-01-01 09:15:00,1900-01-01 16:15:00
385,170,2027-02-18,1900-01-01 03:30:00,1900-01-01 10:30:00
386,45,2026-10-06,1900-01-01 14:00:00,1900-01-01 18:00:00
387,23,2027-01-25,1900-01-01 12:00:00,1900-01-01 17:00:00
388,107,2026-11-26,1900-01-01 18:00:00,1900-01-02 01:00:00
389,155,2026-04-15,1900-01-01 10:00:00,1900-01-01 17:00:00
390,138,2026-10-05,1900-01-01 19:45:00,1900-01-02 02:45:00
391,61,2026-12-29,1900-01-01 10:30:00,1900-01-01 15:30:00
392,190,2026-12-22,1900-01-01 02:45:00,1900-01-01 09:45:00
393,66,2026-06-03,1900-01-01 15:15:00,1900-01-01 21:15:00
394,38,2026-11-26,1900-01-01 03:15:00,1900-01-01 10:15:00
395,60,2026-04-14,1900-01-01 14:45:00,1900-01-01 22:45:00
396,6,2026-07-10,1900-01-01 14:15:00,1900-01-01 19:15:00
397,190,2026-03-16,1900-01-01 08:30:00,1900-01-01 14:30:00
398,96,2026-08-06,1900-01-01 14:30:00,1900-01-01 22:30:00
399,145,2026-11-08,1900-01-01 12:45:00,1900-01-01 20:45:00
400,63,2026-04-25,1900-01-01 10:00:00,1900-01-01 18:00:00
401,160,2026-08-29,1900-01-01 09:45:00,1900-01-01 16:45:00
402,60,2026-07-07,1900-01-01 09:45:00,1900-01-01 16:45:00
403,144,2026-09-13,1900-01-01 00:15:00,1900-01-01 08:15:00
404,88,2026-06-26,1900-01-01 17:00:00,1900-01-02 00:00:00
405,139,2026-12-31,1900-01-01 08:30:00,1900-01-01 14:30:00
406,92,2026-07-15,1900-01-01 10:30:00,1900-01-01 18:30:00
407,134,2026-09-25,1900-01-01 09:00:00,1900-01-01 14:00:00
408,147,2026-04-23,1900-01-01 12:45:00,1900-01-01 17:45:00
409,2,2026-11-24,1900-01-01 11:00:00,1900-01-01 15:00:00
410,42,2026-08-26,1900-01-01 17:45:00,1900-01-02 01:45:00
411,138,2026-08-24,1900-01-01 22:30:00,1900-01-02 02:30:00
412,150,2026-09-28,1900-01-01 09:30:00,1900-01-01 13:30:00
413,20,2026-09-20,1900-01-01 13:00:00,1900-01-01 21:00:00
414,115,2026-11-19,1900-01-01 16:00:00,1900-01-02 00:00:00
415,162,2026-08-10,1900-01-01 18:45:00,1900-01-01 22:45:00
416,54,2026-12-15,1900-01-01 09:15:00,1900-01-01 17:15:00
417,22,2027-01-25,1900-01-01 10:45:00,1900-01-01 15:45:00
418,24,2026-08-07,1900-01-01 01:00:00,1900-01-01 07:00:00
419,194,2027-02-10,1900-01-01 11:45:00,1900-01-01 16:45:00
420,17,2027-01-12,1900-01-01 15:00:00,1900-01-01 22:00:00
421,119,2027-01-17,1900-01-01 01:45:00,1900-01-01 06:45:00
422,199,2026-08-31,1900-01-01 12:45:00,1900-01-01 20:45:00
423,131,2026-11-29,1900-01-01 01:00:00,1900-01-01 09:00:00
424,193,2026-11-08,1900-01-01 12:30:00,1900-01-01 16:30:00
425,8,2026-11-02,1900-01-01 11:00:00,1900-01-01 19:00:00
426,28,2027-01-24,1900-01-01 20:00:00,1900-01-02 04:00:00
427,106,2026-12-11,1900-01-01 15:45:00,1900-01-01 19:45:00
428,73,2026-03-28,1900-01-01 12:30:00,1900-01-01 17:30:00
429,165,2026-05-06,1900-01-01 19:45:00,1900-01-02 00:45:00
430,107,2027-03-08,1900-01-01 22:30:00,1900-01-02 06:30:00
431,65,2027-03-01,1900-01-01 02:45:00,1900-01-01 07:45:00
432,61,2026-07-31,1900-01-01 17:15:00,1900-01-02 01:15:00
433,188,2026-04-24,1900-01-01 17:00:00,1900-01-02 00:00:00
434,188,2026-06-06,1900-01-01 16:45:00,1900-01-01 23:45:00
435,192,2027-02-21,1900-01-01 06:15:00,1900-01-01 10:15:00
436,114,2026-04-19,1900-01-01 17:15:00,1900-01-01 22:15:00
437,75,2026-05-11,1900-01-01 14:00:00,1900-01-01 19:00:00
438,179,2026-08-17,1900-01-01 12:00:00,1900-01-01 16:00:00
439,145,2027-02-07,1900-01-01 06:00:00,1900-01-01 11:00:00
440,1,2026-11-11,1900-01-01 19:15:00,1900-01-02 01:15:00
441,87,2026-09-12,1900-01-01 08:45:00,1900-01-01 16:45:00
442,37,2026-07-02,1900-01-01 03:00:00,1900-01-01 11:00:00
443,60,2026-08-05,1900-01-01 09:30:00,1900-01-01 16:30:00
444,154,2027-03-08,1900-01-01 08:45:00,1900-01-01 14:45:00
445,49,2026-09-03,1900-01-01 18:15:00,1900-01-02 01:15:00
446,142,2026-10-12,1900-01-01 09:45:00,1900-01-01 14:45:00
447,174,2026-10-02,1900-01-01 15:45:00,1900-01-01 23:45:00
448,47,2027-02-08,1900-01-01 02:45:00,1900-01-01 10:45:00
449,168,2026-03-24,1900-01-01 14:30:00,1900-01-01 22:30:00
450,108,2026-11-14,1900-01-01 14:30:00,1900-01-01 21:30:00
451,112,2026-06-23,1900-01-01 00:45:00,1900-01-01 05:45:00
452,3,2027-03-07,1900-01-01 17:15:00,1900-01-01 22:15:00
453,68,2027-01-27,1900-01-01 09:30:00,1900-01-01 14:30:00
454,122,2026-06-09,1900-01-01 11:15:00,1900-01-01 16:15:00
455,107,2026-07-25,1900-01-01 02:30:00,1900-01-01 06:30:00
456,146,2026-06-05,1900-01-01 08:15:00,1900-01-01 15:15:00
457,82,2026-04-16,1900-01-01 17:30:00,1900-01-02 00:30:00
458,154,2027-03-07,1900-01-01 13:30:00,1900-01-01 21:30:00
459,33,2026-04-06,1900-01-01 17:15:00,1900-01-01 22:15:00
460,111,2026-04-30,1900-01-01 17:15:00,1900-01-01 21:15:00
461,87,2026-09-01,1900-01-01 09:30:00,1900-01-01 16:30:00
462,14,2027-01-02,1900-01-01 08:45:00,1900-01-01 14:45:00
463,90,2026-08-19,1900-01-01 12:45:00,1900-01-01 16:45:00
464,103,2026-05-14,1900-01-01 08:15:00,1900-01-01 12:15:00
465,15,2027-01-27,1900-01-01 14:30:00,1900-01-01 21:30:00
466,126,2026-09-16,1900-01-01 01:30:00,1900-01-01 05:30:00
467,136,2027-01-23,1900-01-01 17:00:00,1900-01-01 21:00:00
468,89,2027-03-09,1900-01-01 05:15:00,1900-01-01 13:15:00
469,108,2027-02-23,1900-01-01 08:00:00,1900-01-01 16:00:00
470,36,2026-07-02,1900-01-01 15:30:00,1900-01-01 22:30:00
471,131,2026-08-30,1900-01-01 12:15:00,1900-01-01 20:15:00
472,149,2026-08-01,1900-01-01 09:45:00,1900-01-01 14:45:00
473,2,2026-07-30,1900-01-01 15:00:00,1900-01-01 23:00:00
474,52,2027-02-14,1900-01-01 16:45:00,1900-01-01 20:45:00
475,10,2027-02-24,1900-01-01 02:00:00,1900-01-01 08:00:00
476,3,2026-10-08,1900-01-01 14:00:00,1900-01-01 21:00:00
477,128,2026-06-27,1900-01-01 08:15:00,1900-01-01 12:15:00
478,116,2026-07-19,1900-01-01 15:45:00,1900-01-01 23:45:00
479,94,2026-03-20,1900-01-01 21:15:00,1900-01-02 02:15:00
480,174,2026-06-11,1900-01-01 12:15:00,1900-01-01 19:15:00
481,143,2026-08-03,1900-01-01 07:00:00,1900-01-01 15:00:00
482,9,2027-02-24,1900-01-01 10:15:00,1900-01-01 15:15:00
483,168,2026-11-04,1900-01-01 10:30:00,1900-01-01 17:30:00
484,65,2026-06-07,1900-01-01 13:45:00,1900-01-01 17:45:00
485,15,2026-11-08,1900-01-01 08:45:00,1900-01-01 14:45:00
486,60,2027-02-06,1900-01-01 12:00:00,1900-01-01 20:00:00
487,181,2026-12-02,1900-01-01 07:15:00,1900-01-01 12:15:00
488,11,2026-04-18,1900-01-01 08:15:00,1900-01-01 14:15:00
489,157,2026-07-16,1900-01-01 12:45:00,1900-01-01 20:45:00
490,123,2026-09-17,1900-01-01 19:30:00,1900-01-02 01:30:00
491,18,2026-08-03,1900-01-01 23:30:00,1900-01-02 07:30:00
492,131,2026-06-27,1900-01-01 10:15:00,1900-01-01 16:15:00
493,65,2026-12-30,1900-01-01 08:15:00,1900-01-01 13:15:00
494,64,2026-08-12,1900-01-01 17:45:00,1900-01-01 22:45:00
495,193,2026-10-29,1900-01-01 08:30:00,1900-01-01 15:30:00
496,20,2026-03-29,1900-01-01 20:30:00,1900-01-02 01:30:00
497,80,2026-09-02,1900-01-01 17:45:00,1900-01-02 00:45:00
498,152,2026-11-04,1900-01-01 15:00:00,1900-01-01 20:00:00
499,179,2026-12-13,1900-01-01 04:45:00,1900-01-01 09:45:00
500,41,2026-09-26,1900-01-01 12:00:00,1900-01-01 20:00:00
501,32,2026-09-13,1900-01-01 11:15:00,1900-01-01 15:15:00
502,143,2026-07-26,1900-01-01 10:15:00,1900-01-01 16:15:00
503,32,2026-10-23,1900-01-01 12:30:00,1900-01-01 17:30:00
504,59,2026-08-03,1900-01-01 09:15:00,1900-01-01 17:15:00
505,78,2026-09-10,1900-01-01 16:15:00,1900-01-01 22:15:00
506,108,2026-11-27,1900-01-01 14:15:00,1900-01-01 22:15:00
507,76,2026-10-22,1900-01-01 13:30:00,1900-01-01 18:30:00
508,76,2026-04-15,1900-01-01 04:00:00,1900-01-01 12:00:00
509,178,2026-07-09,1900-01-01 14:30:00,1900-01-01 18:30:00
510,150,2027-02-27,1900-01-01 01:45:00,1900-01-01 07:45:00
511,188,2026-06-23,1900-01-01 12:45:00,1900-01-01 19:45:00
512,181,2027-02-24,1900-01-01 13:00:00,1900-01-01 19:00:00
513,159,2026-07-18,1900-01-01 00:45:00,1900-01-01 06:45:00
514,57,2026-11-25,1900-01-01 18:15:00,1900-01-01 23:15:00
515,5,2026-11-29,1900-01-01 14:00:00,1900-01-01 19:00:00
516,107,2026-04-03,1900-01-01 07:00:00,1900-01-01 13:00:00
517,134,2026-04-02,1900-01-01 09:15:00,1900-01-01 13:15:00
518,44,2027-02-21,1900-01-01 20:30:00,1900-01-02 00:30:00
519,159,2026-12-31,1900-01-01 12:45:00,1900-01-01 20:45:00
520,176,2026-07-13,1900-01-01 14:00:00,1900-01-01 22:00:00
521,127,2026-12-02,1900-01-01 15:45:00,1900-01-01 23:45:00
522,71,2026-08-30,1900-01-01 13:45:00,1900-01-01 19:45:00
523,142,2026-08-18,1900-01-01 11:45:00,1900-01-01 19:45:00
524,2,2027-03-01,1900-01-01 05:00:00,1900-01-01 11:00:00
525,158,2026-12-14,1900-01-01 13:30:00,1900-01-01 20:30:00
526,47,2026-12-07,1900-01-01 17:45:00,1900-01-01 22:45:00
527,47,2026-04-25,1900-01-01 08:00:00,1900-01-01 12:00:00
528,144,2027-03-12,1900-01-01 08:15:00,1900-01-01 14:15:00
529,82,2027-01-23,1900-01-01 12:45:00,1900-01-01 18:45:00
530,45,2026-03-31,1900-01-01 15:30:00,1900-01-01 22:30:00
531,110,2027-02-17,1900-01-01 09:45:00,1900-01-01 16:45:00
532,27,2026-08-02,1900-01-01 10:30:00,1900-01-01 18:30:00
533,84,2026-11-03,1900-01-01 16:45:00,1900-01-01 20:45:00
534,36,2026-09-03,1900-01-01 11:30:00,1900-01-01 18:30:00
535,48,2027-03-02,1900-01-01 12:45:00,1900-01-01 19:45:00
536,49,2026-10-19,1900-01-01 15:00:00,1900-01-01 20:00:00
537,184,2026-08-11,1900-01-01 23:00:00,1900-01-02 05:00:00
538,139,2027-02-17,1900-01-01 02:00:00,1900-01-01 06:00:00
539,120,2026-06-26,1900-01-01 10:30:00,1900-01-01 18:30:00
540,152,2027-02-03,1900-01-01 10:00:00,1900-01-01 18:00:00
541,21,2027-01-26,1900-01-01 13:00:00,1900-01-01 20:00:00
542,170,2026-07-18,1900-01-01 06:00:00,1900-01-01 13:00:00
543,182,2027-02-27,1900-01-01 03:30:00,1900-01-01 09:30:00
544,83,2026-06-06,1900-01-01 23:15:00,1900-01-02 06:15:00
545,145,2027-01-24,1900-01-01 11:00:00,1900-01-01 19:00:00
546,54,2026-10-17,1900-01-01 07:15:00,1900-01-01 11:15:00
547,117,2026-08-19,1900-01-01 08:15:00,1900-01-01 16:15:00
548,133,2026-08-26,1900-01-01 12:45:00,1900-01-01 20:45:00
549,158,2026-06-16,1900-01-01 16:30:00,1900-01-01 20:30:00
550,187,2027-01-12,1900-01-01 16:45:00,1900-01-01 21:45:00
551,125,2027-01-06,1900-01-01 21:30:00,1900-01-02 01:30:00
552,84,2026-09-13,1900-01-01 21:30:00,1900-01-02 05:30:00
553,140,2026-06-01,1900-01-01 11:30:00,1900-01-01 19:30:00
554,35,2026-06-15,1900-01-01 04:00:00,1900-01-01 12:00:00
555,112,2026-03-22,1900-01-01 20:00:00,1900-01-02 00:00:00
556,2,2026-11-10,1900-01-01 12:45:00,1900-01-01 17:45:00
557,129,2027-03-02,1900-01-01 13:45:00,1900-01-01 17:45:00
558,98,2026-04-16,1900-01-01 11:00:00,1900-01-01 18:00:00
559,82,2026-05-11,1900-01-01 12:00:00,1900-01-01 16:00:00
560,50,2026-10-03,1900-01-01 14:45:00,1900-01-01 22:45:00
561,59,2026-07-02,1900-01-01 08:15:00,1900-01-01 16:15:00
562,96,2026-10-11,1900-01-01 03:15:00,1900-01-01 09:15:00
563,23,2026-09-05,1900-01-01 04:30:00,1900-01-01 10:30:00
564,101,2027-02-26,1900-01-01 08:15:00,1900-01-01 12:15:00
565,54,2027-01-08,1900-01-01 15:45:00,1900-01-01 20:45:00
566,26,2026-08-30,1900-01-01 15:15:00,1900-01-01 20:15:00
567,18,2026-12-12,1900-01-01 14:00:00,1900-01-01 19:00:00
568,9,2026-05-01,1900-01-01 23:15:00,1900-01-02 03:15:00
569,172,2026-10-11,1900-01-01 11:00:00,1900-01-01 15:00:00
570,140,2026-10-20,1900-01-01 17:45:00,1900-01-02 01:45:00
571,171,2026-08-26,1900-01-01 09:00:00,1900-01-01 13:00:00
572,113,2026-08-19,1900-01-01 05:30:00,1900-01-01 10:30:00
573,197,2026-04-25,1900-01-01 03:45:00,1900-01-01 11:45:00
574,15,2026-08-25,1900-01-01 13:30:00,1900-01-01 19:30:00
575,137,2026-08-16,1900-01-01 14:00:00,1900-01-01 21:00:00
576,148,2026-07-18,1900-01-01 10:30:00,1900-01-01 16:30:00
577,133,2026-12-23,1900-01-01 21:00:00,1900-01-02 04:00:00
578,50,2026-09-04,1900-01-01 11:15:00,1900-01-01 19:15:00
579,68,2026-05-29,1900-01-01 22:30:00,1900-01-02 03:30:00
580,39,2026-05-08,1900-01-01 08:30:00,1900-01-01 13:30:00
581,62,2026-09-29,1900-01-01 12:30:00,1900-01-01 17:30:00
582,68,2026-05-21,1900-01-01 14:30:00,1900-01-01 19:30:00
583,124,2027-01-29,1900-01-01 15:30:00,1900-01-01 19:30:00
584,101,2026-11-29,1900-01-01 13:45:00,1900-01-01 19:45:00
585,57,2026-05-13,1900-01-01 15:15:00,1900-01-01 21:15:00
586,171,2026-06-22,1900-01-01 16:45:00,1900-01-01 20:45:00
587,130,2026-05-02,1900-01-01 23:30:00,1900-01-02 06:30:00
588,22,2027-03-05,1900-01-01 13:45:00,1900-01-01 20:45:00
589,20,2026-06-21,1900-01-01 08:15:00,1900-01-01 14:15:00
590,191,2026-05-30,1900-01-01 09:15:00,1900-01-01 15:15:00
591,42,2026-10-14,1900-01-01 18:45:00,1900-01-02 01:45:00
592,199,2027-02-11,1900-01-01 14:30:00,1900-01-01 18:30:00
593,14,2026-12-24,1900-01-01 00:15:00,1900-01-01 06:15:00
594,34,2027-02-09,1900-01-01 03:00:00,1900-01-01 07:00:00
595,183,2026-10-30,1900-01-01 01:45:00,1900-01-01 05:45:00
596,154,2026-07-06,1900-01-01 14:30:00,1900-01-01 19:30:00
597,135,2027-03-04,1900-01-01 15:15:00,1900-01-01 21:15:00
598,102,2026-11-02,1900-01-01 15:00:00,1900-01-01 20:00:00
599,98,2026-06-11,1900-01-01 22:00:00,1900-01-02 06:00:00
600,78,2027-02-25,1900-01-01 06:30:00,1900-01-01 14:30:00
601,127,2026-09-07,1900-01-01 00:45:00,1900-01-01 04:45:00
602,53,2026-06-04,1900-01-01 16:45:00,1900-01-01 20:45:00
603,115,2027-03-08,1900-01-01 20:00:00,1900-01-02 00:00:00
604,76,2027-01-08,1900-01-01 10:30:00,1900-01-01 14:30:00
605,109,2026-12-30,1900-01-01 08:00:00,1900-01-01 15:00:00
606,38,2026-03-14,1900-01-01 17:45:00,1900-01-01 23:45:00
607,169,2026-12-19,1900-01-01 10:00:00,1900-01-01 18:00:00
608,90,2026-10-16,1900-01-01 03:45:00,1900-01-01 11:45:00
609,88,2027-01-29,1900-01-01 10:15:00,1900-01-01 18:15:00
610,82,2026-07-02,1900-01-01 22:15:00,1900-01-02 06:15:00
611,154,2026-04-14,1900-01-01 19:45:00,1900-01-02 03:45:00
612,60,2027-01-29,1900-01-01 17:30:00,1900-01-02 01:30:00
613,195,2026-09-19,1900-01-01 16:45:00,1900-01-01 23:45:00
614,173,2026-08-13,1900-01-01 06:45:00,1900-01-01 13:45:00
615,95,2026-06-04,1900-01-01 09:30:00,1900-01-01 15:30:00
616,53,2027-02-05,1900-01-01 08:45:00,1900-01-01 16:45:00
617,170,2026-08-05,1900-01-01 02:15:00,1900-01-01 09:15:00
618,43,2026-11-15,1900-01-01 06:15:00,1900-01-01 14:15:00
619,129,2026-10-22,1900-01-01 09:00:00,1900-01-01 17:00:00
620,124,2027-02-12,1900-01-01 03:15:00,1900-01-01 11:15:00
621,145,2027-03-14,1900-01-01 16:15:00,1900-01-01 22:15:00
622,135,2026-03-14,1900-01-01 02:45:00,1900-01-01 06:45:00
623,94,2026-06-15,1900-01-01 07:30:00,1900-01-01 15:30:00
624,175,2026-05-31,1900-01-01 08:00:00,1900-01-01 16:00:00
625,22,2026-12-09,1900-01-01 12:45:00,1900-01-01 18:45:00
626,142,2026-05-09,1900-01-01 16:45:00,1900-01-01 22:45:00
627,138,2026-08-30,1900-01-01 09:45:00,1900-01-01 17:45:00
628,195,2026-12-28,1900-01-01 15:15:00,1900-01-01 19:15:00
629,64,2027-03-09,1900-01-01 19:15:00,1900-01-02 02:15:00
630,180,2027-01-15,1900-01-01 16:00:00,1900-01-02 00:00:00
631,3,2027-01-14,1900-01-01 15:30:00,1900-01-01 20:30:00
632,185,2026-06-28,1900-01-01 13:45:00,1900-01-01 18:45:00
633,124,2027-02-16,1900-01-01 22:15:00,1900-01-02 06:15:00
634,3,2027-01-20,1900-01-01 10:15:00,1900-01-01 17:15:00
635,37,2026-09-22,1900-01-01 18:30:00,1900-01-01 23:30:00
636,147,2026-06-17,1900-01-01 08:15:00,1900-01-01 14:15:00
637,166,2026-09-27,1900-01-01 18:15:00,1900-01-01 22:15:00
638,118,2026-03-28,1900-01-01 03:30:00,1900-01-01 09:30:00
639,14,2026-07-14,1900-01-01 19:00:00,1900-01-02 03:00:00
640,158,2026-05-31,1900-01-01 17:45:00,1900-01-01 21:45:00
641,94,2026-04-10,1900-01-01 12:15:00,1900-01-01 17:15:00
642,153,2027-02-14,1900-01-01 10:00:00,1900-01-01 16:00:00
643,5,2026-12-20,1900-01-01 16:00:00,1900-01-01 23:00:00
644,58,2027-01-01,1900-01-01 18:45:00,1900-01-02 00:45:00
645,100,2026-11-25,1900-01-01 19:30:00,1900-01-02 02:30:00
646,175,2026-10-04,1900-01-01 08:30:00,1900-01-01 12:30:00
647,168,2027-01-23,1900-01-01 19:30:00,1900-01-02 01:30:00
648,137,2026-10-19,1900-01-01 20:30:00,1900-01-02 03:30:00
649,50,2026-12-20,1900-01-01 11:45:00,1900-01-01 16:45:00
650,134,2026-10-19,1900-01-01 04:15:00,1900-01-01 10:15:00
651,196,2026-05-17,1900-01-01 15:45:00,1900-01-01 23:45:00
652,72,2026-11-20,1900-01-01 09:15:00,1900-01-01 17:15:00
653,145,2026-10-14,1900-01-01 09:45:00,1900-01-01 17:45:00
654,155,2026-08-09,1900-01-01 09:00:00,1900-01-01 15:00:00
655,62,2026-05-10,1900-01-01 11:00:00,1900-01-01 17:00:00
656,126,2026-09-30,1900-01-01 09:00:00,1900-01-01 13:00:00
657,175,2026-12-21,1900-01-01 04:15:00,1900-01-01 09:15:00
658,128,2026-06-28,1900-01-01 09:15:00,1900-01-01 16:15:00
659,107,2026-11-20,1900-01-01 12:00:00,1900-01-01 18:00:00
660,3,2027-03-08,1900-01-01 03:30:00,1900-01-01 08:30:00
661,85,2026-03-31,1900-01-01 05:45:00,1900-01-01 11:45:00
662,189,2026-09-22,1900-01-01 10:15:00,1900-01-01 16:15:00
663,121,2026-12-08,1900-01-01 15:45:00,1900-01-01 22:45:00
664,103,2027-02-16,1900-01-01 08:15:00,1900-01-01 15:15:00
665,108,2027-03-13,1900-01-01 11:00:00,1900-01-01 19:00:00
666,31,2027-03-06,1900-01-01 13:15:00,1900-01-01 17:15:00
667,36,2027-03-05,1900-01-01 20:15:00,1900-01-02 00:15:00
668,89,2026-11-09,1900-01-01 13:45:00,1900-01-01 21:45:00
669,188,2026-05-05,1900-01-01 07:00:00,1900-01-01 11:00:00
670,186,2026-12-08,1900-01-01 10:45:00,1900-01-01 17:45:00
671,167,2026-04-25,1900-01-01 17:00:00,1900-01-01 22:00:00
672,190,2026-05-05,1900-01-01 20:45:00,1900-01-02 00:45:00
673,59,2026-07-13,1900-01-01 15:30:00,1900-01-01 19:30:00
674,115,2026-12-14,1900-01-01 23:00:00,1900-01-02 04:00:00
675,1,2026-03-31,1900-01-01 13:30:00,1900-01-01 21:30:00
676,164,2026-04-16,1900-01-01 01:45:00,1900-01-01 06:45:00
677,73,2027-03-10,1900-01-01 04:30:00,1900-01-01 08:30:00
678,9,2026-05-20,1900-01-01 11:00:00,1900-01-01 15:00:00
679,94,2027-01-07,1900-01-01 23:45:00,1900-01-02 03:45:00
680,11,2026-07-11,1900-01-01 08:15:00,1900-01-01 13:15:00
681,83,2026-05-05,1900-01-01 15:45:00,1900-01-01 19:45:00
682,69,2026-12-17,1900-01-01 16:15:00,1900-01-01 21:15:00
683,191,2026-08-17,1900-01-01 05:00:00,1900-01-01 11:00:00
684,129,2026-06-10,1900-01-01 01:30:00,1900-01-01 06:30:00
685,180,2026-03-25,1900-01-01 09:45:00,1900-01-01 17:45:00
686,151,2026-09-12,1900-01-01 18:30:00,1900-01-02 02:30:00
687,91,2026-11-29,1900-01-01 15:00:00,1900-01-01 20:00:00
688,92,2026-04-24,1900-01-01 04:30:00,1900-01-01 08:30:00
689,10,2026-09-09,1900-01-01 17:00:00,1900-01-02 01:00:00
690,75,2026-05-15,1900-01-01 20:30:00,1900-01-02 03:30:00
691,148,2026-04-02,1900-01-01 10:15:00,1900-01-01 15:15:00
692,6,2026-12-16,1900-01-01 04:00:00,1900-01-01 10:00:00
693,171,2026-08-12,1900-01-01 15:00:00,1900-01-01 21:00:00
694,172,2026-12-11,1900-01-01 22:45:00,1900-01-02 04:45:00
695,51,2026-11-02,1900-01-01 11:45:00,1900-01-01 18:45:00
696,44,2026-05-21,1900-01-01 23:00:00,1900-01-02 04:00:00
697,181,2026-08-18,1900-01-01 09:45:00,1900-01-01 15:45:00
698,125,2027-01-27,1900-01-01 12:30:00,1900-01-01 16:30:00
699,45,2026-10-21,1900-01-01 16:45:00,1900-01-02 00:45:00
700,92,2026-11-23,1900-01-01 09:45:00,1900-01-01 16:45:00
701,85,2027-02-08,1900-01-01 23:30:00,1900-01-02 07:30:00
702,199,2026-04-28,1900-01-01 13:00:00,1900-01-01 19:00:00
703,143,2026-07-26,1900-01-01 12:30:00,1900-01-01 16:30:00
704,73,2026-08-04,1900-01-01 17:15:00,1900-01-01 23:15:00
705,18,2026-04-09,1900-01-01 14:15:00,1900-01-01 20:15:00
706,39,2027-01-06,1900-01-01 12:00:00,1900-01-01 19:00:00
707,189,2026-06-25,1900-01-01 16:30:00,1900-01-01 23:30:00
708,176,2026-10-26,1900-01-01 12:30:00,1900-01-01 17:30:00
709,106,2027-01-08,1900-01-01 22:30:00,1900-01-02 02:30:00
710,117,2026-07-05,1900-01-01 07:30:00,1900-01-01 13:30:00
711,109,2026-08-25,1900-01-01 16:30:00,1900-01-01 20:30:00
712,108,2026-10-19,1900-01-01 15:30:00,1900-01-01 21:30:00
713,113,2026-04-07,1900-01-01 12:30:00,1900-01-01 20:30:00
714,194,2026-10-06,1900-01-01 13:15:00,1900-01-01 17:15:00
715,119,2026-10-14,1900-01-01 12:15:00,1900-01-01 18:15:00
716,101,2026-08-22,1900-01-01 16:45:00,1900-01-01 23:45:00
717,41,2026-04-15,1900-01-01 17:00:00,1900-01-02 00:00:00
718,200,2026-06-26,1900-01-01 11:15:00,1900-01-01 15:15:00
719,165,2026-05-03,1900-01-01 05:00:00,1900-01-01 13:00:00
720,171,2026-11-21,1900-01-01 12:30:00,1900-01-01 19:30:00
721,121,2026-07-31,1900-01-01 15:30:00,1900-01-01 23:30:00
722,101,2026-06-14,1900-01-01 10:45:00,1900-01-01 18:45:00
723,182,2026-04-08,1900-01-01 17:45:00,1900-01-02 00:45:00
724,109,2027-03-08,1900-01-01 16:15:00,1900-01-01 20:15:00
725,86,2026-07-15,1900-01-01 17:45:00,1900-01-01 23:45:00
726,11,2027-03-13,1900-01-01 05:45:00,1900-01-01 13:45:00
727,68,2027-02-26,1900-01-01 12:00:00,1900-01-01 19:00:00
728,32,2026-12-05,1900-01-01 12:30:00,1900-01-01 19:30:00
729,165,2026-05-10,1900-01-01 06:15:00,1900-01-01 11:15:00
730,159,2026-05-12,1900-01-01 17:30:00,1900-01-01 21:30:00
731,30,2027-01-23,1900-01-01 17:30:00,1900-01-01 23:30:00
732,137,2027-02-10,1900-01-01 10:00:00,1900-01-01 17:00:00
733,121,2027-01-02,1900-01-01 14:45:00,1900-01-01 22:45:00
734,131,2026-05-01,1900-01-01 01:15:00,1900-01-01 05:15:00
735,62,2026-05-16,1900-01-01 08:45:00,1900-01-01 15:45:00
736,23,2026-03-21,1900-01-01 15:00:00,1900-01-01 21:00:00
737,162,2026-08-30,1900-01-01 20:30:00,1900-01-02 04:30:00
738,169,2026-07-20,1900-01-01 14:30:00,1900-01-01 20:30:00
739,120,2026-09-30,1900-01-01 15:15:00,1900-01-01 19:15:00
740,52,2026-03-24,1900-01-01 16:45:00,1900-01-01 20:45:00
741,176,2027-02-28,1900-01-01 11:00:00,1900-01-01 15:00:00
742,27,2026-05-25,1900-01-01 16:00:00,1900-01-01 22:00:00
743,165,2026-10-10,1900-01-01 09:45:00,1900-01-01 14:45:00
744,29,2027-01-26,1900-01-01 19:45:00,1900-01-02 03:45:00
745,159,2026-12-06,1900-01-01 10:15:00,1900-01-01 14:15:00
746,198,2026-06-21,1900-01-01 22:15:00,1900-01-02 05:15:00
747,134,2027-01-09,1900-01-01 19:15:00,1900-01-02 00:15:00
748,80,2026-12-12,1900-01-01 11:45:00,1900-01-01 18:45:00
749,29,2027-02-12,1900-01-01 02:00:00,1900-01-01 09:00:00
750,60,2026-06-25,1900-01-01 10:15:00,1900-01-01 17:15:00
751,188,2026-07-11,1900-01-01 18:45:00,1900-01-01 22:45:00
752,46,2026-07-30,1900-01-01 13:45:00,1900-01-01 19:45:00
753,180,2026-04-30,1900-01-01 13:00:00,1900-01-01 17:00:00
754,56,2027-03-01,1900-01-01 18:15:00,1900-01-01 22:15:00
755,59,2026-06-16,1900-01-01 10:30:00,1900-01-01 17:30:00
756,15,2027-01-07,1900-01-01 22:15:00,1900-01-02 03:15:00
757,58,2026-09-26,1900-01-01 05:30:00,1900-01-01 09:30:00
758,151,2026-10-30,1900-01-01 01:45:00,1900-01-01 09:45:00
759,116,2026-03-17,1900-01-01 13:45:00,1900-01-01 21:45:00
760,29,2026-10-30,1900-01-01 04:15:00,1900-01-01 08:15:00
761,26,2027-02-27,1900-01-01 03:30:00,1900-01-01 10:30:00
762,165,2026-09-09,1900-01-01 15:15:00,1900-01-01 21:15:00
763,1,2026-06-19,1900-01-01 11:15:00,1900-01-01 18:15:00
764,148,2026-09-11,1900-01-01 14:45:00,1900-01-01 18:45:00
765,174,2026-06-23,1900-01-01 23:00:00,1900-01-02 03:00:00
766,80,2027-01-05,1900-01-01 20:00:00,1900-01-02 03:00:00
767,12,2026-07-12,1900-01-01 14:00:00,1900-01-01 19:00:00
768,126,2027-01-23,1900-01-01 10:45:00,1900-01-01 17:45:00
769,98,2026-08-17,1900-01-01 18:45:00,1900-01-02 00:45:00
770,150,2027-03-02,1900-01-01 01:30:00,1900-01-01 07:30:00
771,183,2026-04-23,1900-01-01 13:15:00,1900-01-01 18:15:00
772,151,2026-07-24,1900-01-01 02:45:00,1900-01-01 08:45:00
773,149,2026-11-24,1900-01-01 11:15:00,1900-01-01 18:15:00
774,23,2026-12-11,1900-01-01 15:30:00,1900-01-01 21:30:00
775,173,2026-06-29,1900-01-01 16:00:00,1900-01-01 20:00:00
776,127,2027-01-04,1900-01-01 13:30:00,1900-01-01 21:30:00
777,196,2026-11-13,1900-01-01 00:15:00,1900-01-01 08:15:00
778,102,2026-07-30,1900-01-01 11:15:00,1900-01-01 19:15:00
779,195,2026-11-29,1900-01-01 12:15:00,1900-01-01 19:15:00
780,132,2026-11-22,1900-01-01 00:15:00,1900-01-01 08:15:00
781,168,2026-09-12,1900-01-01 15:45:00,1900-01-01 20:45:00
782,49,2026-09-18,1900-01-01 09:00:00,1900-01-01 13:00:00
783,182,2026-06-27,1900-01-01 15:30:00,1900-01-01 20:30:00
784,81,2026-08-24,1900-01-01 16:15:00,1900-01-01 23:15:00
785,152,2026-06-08,1900-01-01 11:30:00,1900-01-01 18:30:00
786,162,2026-04-20,1900-01-01 08:15:00,1900-01-01 16:15:00
787,61,2026-09-06,1900-01-01 08:45:00,1900-01-01 15:45:00
788,108,2026-09-20,1900-01-01 06:15:00,1900-01-01 13:15:00
789,91,2026-09-10,1900-01-01 20:00:00,1900-01-02 00:00:00
790,31,2026-03-16,1900-01-01 02:00:00,1900-01-01 09:00:00
791,28,2027-02-28,1900-01-01 15:30:00,1900-01-01 20:30:00
792,96,2026-11-24,1900-01-01 23:45:00,1900-01-02 06:45:00
793,109,2026-11-15,1900-01-01 08:00:00,1900-01-01 15:00:00
794,170,2026-06-23,1900-01-01 07:00:00,1900-01-01 11:00:00
795,153,2026-05-12,1900-01-01 09:15:00,1900-01-01 13:15:00
796,15,2026-08-18,1900-01-01 16:00:00,1900-01-02 00:00:00
797,5,2026-04-18,1900-01-01 11:15:00,1900-01-01 17:15:00
798,151,2026-07-06,1900-01-01 16:15:00,1900-01-01 21:15:00
799,90,2027-02-04,1900-01-01 10:15:00,1900-01-01 17:15:00
800,46,2026-08-10,1900-01-01 02:15:00,1900-01-01 07:15:00
801,86,2026-11-03,1900-01-01 06:00:00,1900-01-01 11:00:00
802,77,2026-08-18,1900-01-01 03:30:00,1900-01-01 08:30:00
803,173,2026-04-11,1900-01-01 10:00:00,1900-01-01 17:00:00
804,193,2027-03-01,1900-01-01 15:15:00,1900-01-01 22:15:00
805,196,2027-01-08,1900-01-01 15:15:00,1900-01-01 22:15:00
806,16,2027-03-14,1900-01-01 00:00:00,1900-01-01 04:00:00
807,17,2026-11-04,1900-01-01 10:30:00,1900-01-01 16:30:00
808,100,2027-01-21,1900-01-01 11:15:00,1900-01-01 16:15:00
809,83,2026-08-19,1900-01-01 00:00:00,1900-01-01 05:00:00
810,135,2026-12-15,1900-01-01 13:45:00,1900-01-01 18:45:00
811,71,2026-11-17,1900-01-01 03:15:00,1900-01-01 09:15:00
812,78,2026-09-30,1900-01-01 02:30:00,1900-01-01 06:30:00
813,186,2027-02-12,1900-01-01 22:30:00,1900-01-02 03:30:00
814,130,2026-10-31,1900-01-01 18:15:00,1900-01-02 00:15:00
815,65,2026-05-26,1900-01-01 20:30:00,1900-01-02 00:30:00
816,178,2027-01-22,1900-01-01 10:00:00,1900-01-01 16:00:00
817,93,2026-07-16,1900-01-01 00:15:00,1900-01-01 04:15:00
818,15,2027-01-06,1900-01-01 15:30:00,1900-01-01 19:30:00
819,106,2026-05-26,1900-01-01 11:30:00,1900-01-01 17:30:00
820,162,2026-08-01,1900-01-01 09:00:00,1900-01-01 17:00:00
821,130,2026-10-04,1900-01-01 12:45:00,1900-01-01 16:45:00
822,9,2026-11-22,1900-01-01 10:15:00,1900-01-01 15:15:00
823,136,2026-09-22,1900-01-01 19:30:00,1900-01-02 01:30:00
824,49,2026-04-17,1900-01-01 05:15:00,1900-01-01 11:15:00
825,47,2027-02-26,1900-01-01 10:45:00,1900-01-01 17:45:00
826,21,2026-04-01,1900-01-01 14:15:00,1900-01-01 18:15:00
827,191,2026-04-12,1900-01-01 08:00:00,1900-01-01 15:00:00
828,183,2026-10-18,1900-01-01 17:00:00,1900-01-02 01:00:00
829,74,2026-11-24,1900-01-01 13:30:00,1900-01-01 20:30:00
830,25,2027-03-03,1900-01-01 02:45:00,1900-01-01 06:45:00
831,54,2026-09-03,1900-01-01 14:30:00,1900-01-01 20:30:00
832,83,2027-03-12,1900-01-01 06:00:00,1900-01-01 12:00:00
833,97,2027-02-25,1900-01-01 11:30:00,1900-01-01 18:30:00
834,197,2026-06-14,1900-01-01 00:00:00,1900-01-01 07:00:00
835,1,2027-01-18,1900-01-01 13:45:00,1900-01-01 17:45:00
836,114,2026-03-15,1900-01-01 08:45:00,1900-01-01 13:45:00
837,157,2026-06-09,1900-01-01 18:15:00,1900-01-01 22:15:00
838,180,2026-12-29,1900-01-01 16:45:00,1900-01-01 21:45:00
839,61,2026-11-08,1900-01-01 20:45:00,1900-01-02 04:45:00
840,16,2027-02-22,1900-01-01 08:45:00,1900-01-01 13:45:00
841,89,2026-10-18,1900-01-01 11:15:00,1900-01-01 16:15:00
842,34,2026-05-02,1900-01-01 03:15:00,1900-01-01 11:15:00
843,106,2026-06-13,1900-01-01 18:45:00,1900-01-02 02:45:00
844,174,2026-07-13,1900-01-01 16:15:00,1900-01-01 22:15:00
845,197,2026-04-05,1900-01-01 17:15:00,1900-01-02 01:15:00
846,142,2026-09-14,1900-01-01 05:45:00,1900-01-01 12:45:00
847,117,2026-09-29,1900-01-01 19:30:00,1900-01-02 02:30:00
848,11,2026-04-18,1900-01-01 00:00:00,1900-01-01 06:00:00
849,122,2027-02-17,1900-01-01 10:45:00,1900-01-01 17:45:00
850,4,2027-01-11,1900-01-01 12:45:00,1900-01-01 17:45:00
851,132,2026-10-22,1900-01-01 12:00:00,1900-01-01 18:00:00
852,168,2026-03-14,1900-01-01 11:30:00,1900-01-01 16:30:00
853,82,2026-12-09,1900-01-01 14:00:00,1900-01-01 21:00:00
854,123,2026-09-20,1900-01-01 15:00:00,1900-01-01 22:00:00
855,51,2026-05-08,1900-01-01 04:45:00,1900-01-01 12:45:00
856,184,2026-12-31,1900-01-01 12:45:00,1900-01-01 20:45:00
857,190,2027-02-26,1900-01-01 14:45:00,1900-01-01 22:45:00
858,189,2026-08-31,1900-01-01 15:00:00,1900-01-01 20:00:00
859,185,2026-07-04,1900-01-01 09:15:00,1900-01-01 15:15:00
860,58,2026-06-05,1900-01-01 10:30:00,1900-01-01 18:30:00
861,83,2027-02-20,1900-01-01 10:15:00,1900-01-01 18:15:00
862,136,2026-08-30,1900-01-01 06:00:00,1900-01-01 12:00:00
863,11,2026-10-13,1900-01-01 17:30:00,1900-01-01 23:30:00
864,114,2026-11-24,1900-01-01 13:45:00,1900-01-01 20:45:00
865,4,2026-06-29,1900-01-01 15:30:00,1900-01-01 22:30:00
866,72,2026-12-09,1900-01-01 13:15:00,1900-01-01 18:15:00
867,39,2027-02-26,1900-01-01 04:15:00,1900-01-01 09:15:00
868,103,2026-07-16,1900-01-01 14:15:00,1900-01-01 18:15:00
869,160,2026-11-24,1900-01-01 10:30:00,1900-01-01 17:30:00
870,45,2026-05-04,1900-01-01 15:45:00,1900-01-01 21:45:00
871,135,2026-12-27,1900-01-01 20:45:00,1900-01-02 00:45:00
872,142,2026-04-05,1900-01-01 07:15:00,1900-01-01 14:15:00
873,119,2026-04-21,1900-01-01 22:30:00,1900-01-02 02:30:00
874,185,2027-01-27,1900-01-01 11:45:00,1900-01-01 16:45:00
875,127,2026-12-10,1900-01-01 11:15:00,1900-01-01 17:15:00
876,68,2026-10-05,1900-01-01 16:30:00,1900-01-01 20:30:00
877,37,2027-02-03,1900-01-01 20:45:00,1900-01-02 03:45:00
878,125,2026-11-27,1900-01-01 09:00:00,1900-01-01 15:00:00
879,193,2026-05-20,1900-01-01 17:15:00,1900-01-01 21:15:00
880,197,2026-07-31,1900-01-01 09:15:00,1900-01-01 14:15:00
881,33,2026-08-31,1900-01-01 17:45:00,1900-01-02 01:45:00
882,122,2026-03-24,1900-01-01 23:30:00,1900-01-02 03:30:00
883,93,2027-03-05,1900-01-01 15:00:00,1900-01-01 19:00:00
884,16,2026-04-24,1900-01-01 08:45:00,1900-01-01 12:45:00
885,78,2027-02-07,1900-01-01 17:30:00,1900-01-02 01:30:00
886,149,2026-03-30,1900-01-01 12:30:00,1900-01-01 17:30:00
887,4,2026-04-29,1900-01-01 14:30:00,1900-01-01 18:30:00
888,191,2026-09-16,1900-01-01 12:00:00,1900-01-01 17:00:00
889,98,2026-12-26,1900-01-01 11:30:00,1900-01-01 18:30:00
890,12,2026-07-15,1900-01-01 16:00:00,1900-01-01 22:00:00
891,62,2026-04-30,1900-01-01 12:15:00,1900-01-01 20:15:00
892,91,2027-02-01,1900-01-01 07:15:00,1900-01-01 12:15:00
893,130,2026-08-04,1900-01-01 10:30:00,1900-01-01 18:30:00
894,168,2026-11-16,1900-01-01 01:00:00,1900-01-01 07:00:00
895,47,2026-10-27,1900-01-01 16:45:00,1900-01-01 20:45:00
896,31,2026-11-19,1900-01-01 23:00:00,1900-01-02 05:00:00
897,88,2026-07-07,1900-01-01 21:30:00,1900-01-02 02:30:00
898,69,2026-11-06,1900-01-01 15:45:00,1900-01-01 22:45:00
899,189,2026-04-02,1900-01-01 20:45:00,1900-01-02 01:45:00
900,104,2027-01-06,1900-01-01 05:00:00,1900-01-01 09:00:00
901,134,2026-08-17,1900-01-01 01:15:00,1900-01-01 07:15:00
902,116,2026-08-27,1900-01-01 08:45:00,1900-01-01 15:45:00
903,92,2026-10-18,1900-01-01 04:15:00,1900-01-01 12:15:00
904,78,2026-10-02,1900-01-01 12:15:00,1900-01-01 19:15:00
905,32,2026-07-08,1900-01-01 12:30:00,1900-01-01 17:30:00
906,102,2026-06-24,1900-01-01 12:30:00,1900-01-01 16:30:00
907,2,2026-08-13,1900-01-01 13:45:00,1900-01-01 19:45:00
908,50,2026-11-10,1900-01-01 12:15:00,1900-01-01 17:15:00
909,170,2026-07-01,1900-01-01 10:00:00,1900-01-01 18:00:00
910,188,2026-08-19,1900-01-01 23:45:00,1900-01-02 07:45:00
911,77,2026-09-16,1900-01-01 09:15:00,1900-01-01 16:15:00
912,45,2026-05-18,1900-01-01 17:45:00,1900-01-01 21:45:00
913,184,2026-11-27,1900-01-01 01:30:00,1900-01-01 06:30:00
914,149,2026-08-09,1900-01-01 20:00:00,1900-01-02 03:00:00
915,53,2027-02-13,1900-01-01 11:30:00,1900-01-01 19:30:00
916,63,2027-02-26,1900-01-01 14:30:00,1900-01-01 22:30:00
917,117,2026-06-20,1900-01-01 11:15:00,1900-01-01 19:15:00
918,66,2026-09-07,1900-01-01 18:45:00,1900-01-02 02:45:00
919,94,2026-10-23,1900-01-01 14:15:00,1900-01-01 21:15:00
920,146,2026-08-23,1900-01-01 01:45:00,1900-01-01 08:45:00
921,44,2026-05-17,1900-01-01 16:15:00,1900-01-01 21:15:00
922,162,2026-05-24,1900-01-01 00:15:00,1900-01-01 05:15:00
923,199,2026-05-02,1900-01-01 08:45:00,1900-01-01 13:45:00
924,77,2027-03-05,1900-01-01 09:45:00,1900-01-01 15:45:00
925,159,2026-06-29,1900-01-01 15:30:00,1900-01-01 22:30:00
926,180,2026-11-22,1900-01-01 09:15:00,1900-01-01 15:15:00
927,112,2027-02-08,1900-01-01 11:45:00,1900-01-01 17:45:00
928,154,2026-06-20,1900-01-01 06:30:00,1900-01-01 12:30:00
929,154,2026-11-05,1900-01-01 10:00:00,1900-01-01 14:00:00
930,142,2026-06-10,1900-01-01 12:30:00,1900-01-01 19:30:00
931,163,2026-11-27,1900-01-01 13:30:00,1900-01-01 17:30:00
932,51,2026-05-17,1900-01-01 00:45:00,1900-01-01 06:45:00
933,112,2026-12-05,1900-01-01 16:30:00,1900-01-01 22:30:00
934,15,2026-04-07,1900-01-01 13:45:00,1900-01-01 20:45:00
935,33,2026-12-30,1900-01-01 09:45:00,1900-01-01 14:45:00
936,112,2027-01-03,1900-01-01 08:15:00,1900-01-01 12:15:00
937,1,2027-02-23,1900-01-01 17:00:00,1900-01-01 21:00:00
938,31,2026-07-01,1900-01-01 15:30:00,1900-01-01 23:30:00
939,103,2026-03-30,1900-01-01 10:30:00,1900-01-01 15:30:00
940,72,2026-12-04,1900-01-01 08:15:00,1900-01-01 12:15:00
941,147,2026-10-09,1900-01-01 09:45:00,1900-01-01 16:45:00
942,146,2026-05-04,1900-01-01 15:15:00,1900-01-01 22:15:00
943,64,2026-07-01,1900-01-01 08:00:00,1900-01-01 13:00:00
944,180,2026-08-11,1900-01-01 23:45:00,1900-01-02 06:45:00
945,106,2026-08-21,1900-01-01 17:15:00,1900-01-01 23:15:00
946,28,2026-08-15,1900-01-01 21:15:00,1900-01-02 05:15:00
947,74,2026-04-10,1900-01-01 11:45:00,1900-01-01 18:45:00
948,27,2027-02-18,1900-01-01 20:30:00,1900-01-02 01:30:00
949,34,2026-10-26,1900-01-01 18:30:00,1900-01-02 02:30:00
950,197,2026-05-26,1900-01-01 17:45:00,1900-01-02 01:45:00
951,60,2026-07-09,1900-01-01 20:15:00,1900-01-02 04:15:00
952,167,2027-02-16,1900-01-01 20:30:00,1900-01-02 03:30:00
953,132,2027-02-03,1900-01-01 19:30:00,1900-01-02 01:30:00
954,74,2026-08-10,1900-01-01 17:45:00,1900-01-01 22:45:00
955,198,2026-12-07,1900-01-01 03:30:00,1900-01-01 07:30:00
956,182,2026-09-24,1900-01-01 12:15:00,1900-01-01 18:15:00
957,150,2026-07-30,1900-01-01 06:30:00,1900-01-01 14:30:00
958,171,2027-01-23,1900-01-01 07:00:00,1900-01-01 12:00:00
959,46,2026-04-12,1900-01-01 12:30:00,1900-01-01 19:30:00
960,60,2026-12-07,1900-01-01 23:00:00,1900-01-02 05:00:00
961,161,2026-12-10,1900-01-01 17:00:00,1900-01-01 23:00:00
962,65,2027-01-16,1900-01-01 07:00:00,1900-01-01 13:00:00
963,49,2026-08-11,1900-01-01 04:15:00,1900-01-01 10:15:00
964,43,2026-12-30,1900-01-01 10:30:00,1900-01-01 15:30:00
965,67,2026-12-18,1900-01-01 14:30:00,1900-01-01 20:30:00
966,187,2026-11-17,1900-01-01 16:15:00,1900-01-01 22:15:00
967,132,2026-09-10,1900-01-01 10:45:00,1900-01-01 18:45:00
968,83,2027-02-17,1900-01-01 21:30:00,1900-01-02 02:30:00
969,123,2026-11-09,1900-01-01 16:45:00,1900-01-01 21:45:00
970,47,2027-01-09,1900-01-01 09:45:00,1900-01-01 14:45:00
971,162,2027-01-30,1900-01-01 08:15:00,1900-01-01 15:15:00
972,42,2026-03-20,1900-01-01 12:45:00,1900-01-01 17:45:00
973,71,2026-08-11,1900-01-01 08:30:00,1900-01-01 13:30:00
974,39,2027-03-04,1900-01-01 03:00:00,1900-01-01 11:00:00
975,66,2027-01-22,1900-01-01 08:45:00,1900-01-01 16:45:00
976,23,2026-06-17,1900-01-01 06:15:00,1900-01-01 14:15:00
977,87,2027-01-04,1900-01-01 15:30:00,1900-01-01 21:30:00
978,137,2026-04-23,1900-01-01 10:00:00,1900-01-01 14:00:00
979,99,2026-05-30,1900-01-01 11:30:00,1900-01-01 16:30:00
980,150,2026-05-16,1900-01-01 11:15:00,1900-01-01 16:15:00
981,133,2026-07-23,1900-01-01 01:30:00,1900-01-01 05:30:00
982,110,2026-04-05,1900-01-01 16:15:00,1900-01-01 23:15:00
983,107,2026-12-17,1900-01-01 15:45:00,1900-01-01 22:45:00
984,177,2026-07-29,1900-01-01 15:45:00,1900-01-01 20:45:00
985,164,2027-03-04,1900-01-01 10:30:00,1900-01-01 15:30:00
986,148,2026-08-25,1900-01-01 16:00:00,1900-01-01 22:00:00
987,179,2026-08-13,1900-01-01 10:15:00,1900-01-01 16:15:00
988,196,2026-04-10,1900-01-01 23:00:00,1900-01-02 06:00:00
989,115,2026-09-10,1900-01-01 14:45:00,1900-01-01 21:45:00
990,14,2026-03-15,1900-01-01 17:00:00,1900-01-01 23:00:00
991,118,2026-09-25,1900-01-01 01:30:00,1900-01-01 07:30:00
992,163,2026-03-20,1900-01-01 16:15:00,1900-01-01 21:15:00
993,146,2027-02-02,1900-01-01 00:00:00,1900-01-01 05:00:00
994,77,2027-01-05,1900-01-01 23:15:00,1900-01-02 06:15:00
995,40,2026-12-08,1900-01-01 08:45:00,1900-01-01 14:45:00
996,113,2026-06-28,1900-01-01 06:30:00,1900-01-01 12:30:00
997,89,2026-06-06,1900-01-01 15:00:00,1900-01-01 19:00:00
998,141,2026-12-01,1900-01-01 20:30:00,1900-01-02 00:30:00
999,80,2026-04-26,1900-01-01 16:45:00,1900-01-01 20:45:00
1000,101,2026-04-29,1900-01-01 15:15:00,1900-01-01 22:15:00
