tevredenheid_id,medewerker_id,patient_id,tevredenheid
1,3,1113,8
2,5,1615,10
3,4,524,7
4,4,748,4
5,3,897,1
6,3,1097,9
7,2,206,3
8,3,70,2
9,4,1561,4
10,1,139,3
11,5,979,3
12,1,1983,5
13,1,372,10
14,1,901,2
15,3,561,3
16,5,1786,3
17,3,1588,5
18,2,1515,6
19,1,1217,5
20,4,1993,8
21,5,1014,9
22,3,1321,7
23,3,942,2
24,2,489,9
25,1,1419,8
26,2,745,7
27,3,1197,8
28,1,411,8
29,1,1389,3
30,5,1396,9
31,1,1950,7
32,3,1453,3
33,2,649,2
34,2,963,9
35,1,890,10
36,1,1176,6
37,1,1407,6
38,2,1292,8
39,3,118,2
40,3,251,10
41,4,1100,1
42,2,713,8
43,2,1379,2
44,3,1642,2
45,4,816,8
46,2,1402,2
47,5,345,1
48,1,710,4
49,3,1065,5
50,3,813,9
51,3,1024,4
52,3,1275,7
53,4,1055,6
54,3,305,8
55,3,1699,9
56,3,1648,1
57,2,504,6
58,4,1728,2
59,2,663,6
60,3,698,10
61,5,1402,3
62,1,1023,9
63,4,256,1
64,5,495,1
65,5,707,8
66,4,1532,8
67,5,452,5
68,5,986,8
69,5,51,4
70,2,278,4
71,5,605,4
72,4,930,3
73,3,1860,8
74,3,1423,2
75,5,1017,9
76,1,489,4
77,3,363,6
78,4,438,6
79,4,591,4
80,4,450,6
81,2,1585,3
82,5,1043,4
83,2,134,2
84,4,1726,10
85,2,540,6
86,2,58,6
87,4,620,10
88,1,1396,6
89,1,1582,8
90,4,1812,3
91,5,1301,8
92,5,554,8
93,2,928,4
94,5,807,7
95,3,452,9
96,2,1534,3
97,4,559,6
98,3,746,5
99,4,988,8
100,1,764,7
101,4,1289,6
102,4,285,2
103,1,1857,5
104,3,822,7
105,1,552,5
106,4,461,7
107,3,777,5
108,1,889,5
109,1,895,7
110,3,502,8
111,5,417,1
112,5,1080,8
113,5,53,8
114,1,898,9
115,1,1634,10
116,2,941,1
117,5,1167,2
118,1,686,10
119,4,570,4
120,4,1551,7
121,2,245,10
122,4,1783,7
123,2,1495,3
124,2,988,10
125,2,716,6
126,5,1884,7
127,1,1658,6
128,1,258,4
129,4,207,9
130,5,1529,6
131,3,853,2
132,3,1177,6
133,1,643,7
134,5,780,7
135,5,1833,5
136,2,948,6
137,5,729,8
138,1,183,2
139,5,1942,3
140,1,1618,6
141,4,850,7
142,4,236,4
143,4,260,1
144,1,50,1
145,2,1044,4
146,2,679,6
147,3,1837,9
148,1,1082,10
149,3,1460,7
150,1,142,6
151,2,936,4
152,2,648,3
153,2,763,3
154,2,140,2
155,3,907,10
156,5,268,3
157,2,647,3
158,3,106,5
159,5,1583,2
160,1,1107,5
161,2,710,2
162,1,1637,1
163,1,1790,2
164,2,1315,5
165,4,1509,6
166,5,749,3
167,1,1813,9
168,5,493,5
169,2,154,1
170,5,1904,5
171,4,1719,6
172,2,76,7
173,3,1000,6
174,3,1500,9
175,5,732,9
176,4,1999,3
177,5,286,5
178,3,690,5
179,1,873,10
180,4,1480,4
181,1,1500,5
182,5,1049,3
183,4,1724,4
184,2,1642,1
185,2,1408,3
186,3,1013,6
187,3,779,6
188,3,1931,10
189,5,1607,10
190,4,148,9
191,3,949,9
192,4,110,2
193,3,1401,7
194,5,1276,1
195,5,1659,3
196,5,868,10
197,4,1836,6
198,5,338,2
199,1,638,9
200,3,113,7
201,2,1005,9
202,1,1588,10
203,5,1339,10
204,5,854,2
205,2,181,1
206,2,350,4
207,3,601,4
208,3,417,7
209,1,1229,5
210,4,529,10
211,4,1641,8
212,4,923,2
213,1,1287,4
214,1,1814,9
215,5,1948,4
216,2,163,1
217,5,892,1
218,2,31,5
219,4,884,3
220,4,1214,1
221,2,698,10
222,3,1483,8
223,1,1337,8
224,2,1871,3
225,2,28,6
226,1,1572,2
227,4,1821,6
228,4,1875,5
229,2,1328,6
230,4,1075,10
231,2,298,8
232,2,1991,10
233,2,844,9
234,4,1537,6
235,4,1151,4
236,3,1270,2
237,2,21,4
238,1,1486,6
239,1,702,3
240,2,93,5
241,1,180,8
242,2,818,5
243,5,271,3
244,5,1178,1
245,5,273,1
246,3,172,3
247,2,1365,5
248,3,122,7
249,4,543,5
250,5,3,7
251,4,993,3
252,2,117,5
253,3,1351,1
254,2,229,5
255,5,1345,4
256,5,170,9
257,1,445,1
258,1,531,10
259,3,1208,1
260,4,594,2
261,3,1465,1
262,2,889,1
263,1,503,10
264,3,1527,7
265,2,1432,5
266,1,855,2
267,1,14,3
268,5,1210,1
269,3,1339,4
270,2,1082,3
271,1,1145,6
272,3,77,5
273,3,535,4
274,1,1080,7
275,3,1345,3
276,4,1343,9
277,2,1391,4
278,2,608,8
279,3,1267,3
280,1,807,3
281,4,50,8
282,2,729,4
283,1,458,4
284,3,1338,4
285,3,1014,8
286,2,1339,3
287,5,1908,7
288,5,327,8
289,4,857,4
290,1,72,1
291,2,913,4
292,1,1045,7
293,1,1354,7
294,1,1891,1
295,2,536,3
296,5,1917,4
297,5,250,7
298,4,626,9
299,4,1426,3
300,1,1705,5
301,4,629,8
302,2,964,5
303,4,323,4
304,1,1792,6
305,1,7,2
306,2,1982,1
307,2,257,10
308,2,196,5
309,2,1237,2
310,5,237,3
311,4,1468,6
312,1,1611,9
313,4,1502,6
314,5,1137,4
315,1,1899,9
316,3,361,9
317,2,1335,3
318,5,1051,9
319,5,453,10
320,2,1579,1
321,5,491,3
322,5,485,3
323,4,684,1
324,2,1659,5
325,5,894,3
326,3,702,4
327,4,1889,1
328,3,588,9
329,2,1080,2
330,3,1336,2
331,4,609,8
332,4,534,7
333,4,186,8
334,2,1040,4
335,4,1818,3
336,1,1216,3
337,5,1382,8
338,5,1144,6
339,5,1824,1
340,4,1785,2
341,3,1497,9
342,4,1866,7
343,4,1840,2
344,3,594,7
345,1,1600,6
346,2,470,6
347,4,1313,4
348,1,1943,10
349,1,104,1
350,5,1360,3
351,5,1646,4
352,1,1412,8
353,1,1006,4
354,3,832,5
355,2,114,4
356,3,914,5
357,3,1729,8
358,3,809,6
359,3,1597,7
360,5,1520,3
361,3,1147,3
362,1,1382,7
363,1,1175,8
364,3,311,9
365,1,1669,3
366,2,1733,7
367,4,1829,2
368,4,1005,7
369,3,1311,8
370,3,1347,8
371,5,1347,4
372,2,1909,4
373,3,1798,2
374,3,705,7
375,1,1605,2
376,4,216,6
377,1,629,8
378,4,682,9
379,3,668,3
380,4,1802,10
381,1,1885,7
382,3,1156,2
383,4,1590,4
384,2,1531,8
385,5,1016,1
386,2,1827,1
387,3,67,3
388,2,923,10
389,4,1575,7
390,2,1738,10
391,2,480,5
392,1,1874,7
393,3,1518,7
394,3,1481,4
395,1,1555,10
396,5,7,2
397,4,41,9
398,4,410,2
399,3,681,3
400,5,1379,5
401,1,320,9
402,5,1464,6
403,4,1417,1
404,5,839,8
405,1,1359,9
406,1,554,5
407,2,559,5
408,1,1159,2
409,4,1530,5
410,4,1600,1
411,5,1728,2
412,3,903,4
413,5,1344,6
414,3,1429,5
415,2,512,10
416,1,1144,1
417,4,658,6
418,1,666,5
419,3,814,9
420,3,699,9
421,4,1634,9
422,1,904,7
423,1,1066,6
424,5,912,4
425,4,1231,1
426,5,40,7
427,3,824,1
428,5,685,5
429,2,1749,3
430,1,684,7
431,3,1198,3
432,2,250,1
433,5,313,6
434,2,236,9
435,1,1526,9
436,1,1205,2
437,3,475,9
438,2,14,8
439,1,1067,5
440,4,597,7
441,1,223,3
442,1,110,1
443,2,1433,5
444,2,1938,5
445,4,674,2
446,1,845,1
447,4,975,7
448,1,1425,6
449,1,1129,8
450,5,352,1
451,4,1778,1
452,5,1206,1
453,4,1976,8
454,1,1251,2
455,5,724,10
456,3,195,2
457,3,542,5
458,5,973,3
459,5,1444,10
460,3,1058,8
461,5,1849,9
462,5,1871,4
463,2,67,3
464,4,1199,2
465,1,584,10
466,1,1140,10
467,4,551,7
468,4,1583,8
469,5,212,8
470,2,897,6
471,3,1064,7
472,4,224,4
473,3,1789,1
474,5,1680,3
475,3,73,7
476,2,850,6
477,1,821,6
478,5,498,10
479,1,1340,10
480,1,1199,4
481,2,12,5
482,1,1543,2
483,3,1570,7
484,2,685,7
485,3,327,1
486,2,865,4
487,3,613,10
488,2,1540,6
489,2,233,7
490,3,1731,6
491,4,1985,9
492,2,1145,9
493,4,556,8
494,3,1908,5
495,3,1596,7
496,2,115,10
497,1,958,6
498,5,1655,5
499,1,1676,8
500,2,1683,9
501,3,860,4
502,1,1990,5
503,5,479,1
504,5,753,5
505,5,1945,10
506,3,1102,1
507,1,1623,2
508,3,177,3
509,4,1572,7
510,4,1975,3
511,1,1696,1
512,4,1112,8
513,5,1179,5
514,3,1573,1
515,2,1980,10
516,2,1244,1
517,5,1294,10
518,5,1545,6
519,2,1175,4
520,2,137,5
521,4,1826,6
522,2,1238,10
523,3,24,8
524,2,792,3
525,5,1069,2
526,4,1438,8
527,3,864,5
528,4,739,6
529,1,896,1
530,2,1154,1
531,4,151,5
532,1,405,4
533,5,624,3
534,4,681,1
535,5,1265,1
536,2,64,1
537,1,359,6
538,1,1697,9
539,2,317,10
540,3,510,9
541,5,1005,7
542,4,814,6
543,1,1457,4
544,5,1595,1
545,4,1581,3
546,5,1834,5
547,3,524,8
548,2,1951,1
549,1,1042,9
550,1,963,1
551,4,676,8
552,5,1372,8
553,3,780,10
554,3,1584,4
555,1,101,4
556,1,404,2
557,1,692,2
558,1,1893,5
559,4,893,4
560,4,806,10
561,2,1375,9
562,3,104,2
563,3,811,6
564,5,1316,3
565,5,930,10
566,1,357,2
567,2,886,3
568,2,712,4
569,1,762,1
570,4,1668,9
571,3,20,7
572,2,879,2
573,4,1795,10
574,5,1304,3
575,2,144,7
576,1,1898,1
577,2,499,10
578,4,500,8
579,2,1501,10
580,4,1013,8
581,4,1709,8
582,2,1397,7
583,3,1801,2
584,4,531,4
585,5,182,5
586,3,764,4
587,5,1436,5
588,5,817,5
589,4,1352,6
590,2,327,9
591,3,1395,10
592,1,273,6
593,2,1650,4
594,1,1375,5
595,4,162,7
596,3,1495,2
597,5,713,8
598,2,573,6
599,3,1774,9
600,4,1838,6
601,2,46,5
602,4,360,7
603,3,1927,10
604,4,1947,7
605,4,613,3
606,1,1671,10
607,5,1307,4
608,3,856,3
609,3,1583,7
610,2,1625,8
611,1,1519,8
612,1,543,1
613,3,1937,2
614,2,449,9
615,2,1526,5
616,2,1622,7
617,5,595,7
618,3,1732,6
619,3,572,9
620,1,839,9
621,4,1740,10
622,2,437,6
623,2,827,2
624,4,1150,2
625,2,323,6
626,5,1608,5
627,2,34,3
628,4,716,3
629,3,1539,9
630,4,1323,6
631,3,1280,8
632,4,1489,10
633,3,1587,10
634,4,1519,2
635,3,1939,10
636,4,1246,9
637,5,120,2
638,5,1074,7
639,2,325,10
640,3,1620,8
641,3,1509,7
642,2,1996,3
643,1,1729,5
644,5,573,9
645,5,1742,5
646,1,518,4
647,4,228,10
648,4,669,7
649,4,810,3
650,5,1326,5
651,5,1200,6
652,3,1443,2
653,4,1560,3
654,3,443,5
655,1,1233,4
656,3,1797,8
657,1,944,2
658,3,1923,7
659,4,1952,1
660,5,1604,4
661,4,309,3
662,5,88,9
663,2,1779,8
664,1,1581,2
665,5,1157,5
666,4,225,7
667,4,906,9
668,2,660,9
669,2,447,1
670,3,674,7
671,1,1194,10
672,2,52,8
673,2,1899,3
674,3,1235,7
675,5,310,4
676,1,1797,6
677,1,750,4
678,2,1156,7
679,3,303,1
680,5,738,2
681,4,254,6
682,3,981,1
683,4,1693,7
684,5,1561,1
685,1,1601,5
686,1,590,3
687,2,338,6
688,5,101,5
689,5,1375,2
690,4,542,8
691,2,133,10
692,1,820,8
693,3,190,4
694,5,699,1
695,3,66,5
696,1,1710,7
697,3,658,8
698,5,1725,7
699,5,794,3
700,3,404,8
701,1,746,8
702,1,130,1
703,2,1474,9
704,3,107,3
705,1,182,1
706,2,993,8
707,4,427,8
708,3,637,6
709,1,615,3
710,1,300,1
711,2,752,8
712,1,1796,4
713,4,1303,2
714,1,646,8
715,2,914,9
716,5,1047,4
717,5,1840,3
718,3,27,8
719,4,1962,1
720,4,1998,3
721,3,639,5
722,2,446,9
723,2,1825,9
724,3,1171,7
725,3,192,6
726,5,811,5
727,2,1611,7
728,4,185,5
729,5,503,3
730,4,1065,3
731,5,1190,9
732,1,1553,5
733,1,1530,2
734,1,661,7
735,3,1915,4
736,4,864,3
737,3,228,10
738,4,781,9
739,4,1129,1
740,3,1901,9
741,5,1295,7
742,1,1484,6
743,4,1640,2
744,1,1738,2
745,2,1299,4
746,4,371,4
747,3,151,4
748,2,1144,6
749,2,1084,5
750,3,1029,8
751,1,211,3
752,4,699,7
753,5,1040,10
754,4,172,3
755,2,1883,3
756,4,282,1
757,3,784,2
758,3,255,10
759,5,174,1
760,5,164,8
761,5,199,5
762,3,1134,4
763,5,1552,4
764,1,1918,3
765,3,1303,8
766,3,1032,6
767,1,1847,1
768,1,332,10
769,1,1166,1
770,5,1096,5
771,4,130,1
772,3,395,5
773,5,1503,7
774,2,410,4
775,4,953,7
776,5,836,4
777,1,606,1
778,2,202,6
779,4,1642,1
780,5,71,7
781,1,184,4
782,2,1852,3
783,3,526,1
784,5,404,3
785,3,1632,1
786,5,1765,7
787,5,1625,2
788,2,1361,3
789,4,831,9
790,3,886,3
791,5,1219,2
792,4,1,5
793,5,1376,7
794,1,443,7
795,5,325,3
796,5,586,9
797,5,1733,3
798,1,262,8
799,1,1379,4
800,1,205,9
801,2,1610,10
802,5,1863,8
803,3,196,10
804,1,1007,5
805,3,210,2
806,1,1728,7
807,1,1326,3
808,5,1841,7
809,5,1589,5
810,2,1293,9
811,1,176,6
812,4,1419,10
813,5,303,2
814,5,901,10
815,5,843,8
816,2,631,3
817,3,554,9
818,3,1842,5
819,5,1782,1
820,4,650,9
821,2,1507,1
822,4,521,4
823,5,1389,8
824,3,1639,10
825,1,897,4
826,5,318,5
827,1,1429,3
828,5,852,5
829,3,1922,7
830,3,605,2
831,2,1085,8
832,4,1822,3
833,2,640,3
834,4,385,1
835,5,188,7
836,2,485,5
837,5,1122,5
838,2,27,8
839,1,1757,7
840,5,92,2
841,4,373,10
842,1,1744,6
843,2,1621,5
844,5,759,5
845,3,1332,10
846,2,1587,7
847,3,276,7
848,3,735,10
849,2,1234,10
850,2,97,5
851,4,1284,3
852,2,842,4
853,3,894,3
854,5,1024,3
855,2,1770,2
856,4,537,1
857,3,1142,5
858,3,238,4
859,5,1254,9
860,4,1658,4
861,1,1246,7
862,4,966,8
863,4,137,3
864,3,112,6
865,4,222,8
866,4,36,1
867,2,851,5
868,4,662,8
869,3,1101,7
870,1,920,6
871,1,679,1
872,3,957,5
873,1,688,2
874,2,187,9
875,5,82,3
876,5,943,5
877,3,1784,10
878,3,460,1
879,4,1138,7
880,1,172,2
881,3,1536,7
882,1,1561,4
883,5,1764,9
884,3,1350,7
885,3,1036,1
886,4,1804,4
887,2,1679,1
888,1,148,4
889,5,1042,9
890,1,581,2
891,3,1793,1
892,5,175,7
893,5,49,9
894,3,655,1
895,2,1425,7
896,1,1353,10
897,3,1472,1
898,2,1744,5
899,3,621,1
900,3,790,4
901,2,527,2
902,5,1129,10
903,4,1169,8
904,1,547,6
905,5,1085,4
906,3,1454,4
907,3,211,5
908,3,1458,9
909,2,1906,8
910,4,338,5
911,2,1048,9
912,2,1092,7
913,3,566,4
914,3,1090,4
915,5,167,2
916,4,614,1
917,4,706,4
918,4,905,8
919,1,1117,6
920,2,77,6
921,1,1765,7
922,5,1546,5
923,1,999,1
924,4,927,7
925,4,1662,9
926,1,1237,1
927,3,180,7
928,5,799,8
929,1,297,10
930,3,770,7
931,4,1717,5
932,2,359,1
933,4,56,1
934,3,552,8
935,5,656,8
936,1,1934,9
937,5,1714,3
938,4,126,10
939,5,22,2
940,5,414,7
941,2,55,7
942,3,1720,10
943,3,136,3
944,5,1082,5
945,3,1145,4
946,4,1831,7
947,5,1164,9
948,1,1811,8
949,1,532,9
950,1,403,6
951,3,1404,2
952,4,1371,2
953,3,1046,8
954,1,1570,1
955,2,392,10
956,3,1301,3
957,1,307,1
958,4,43,8
959,1,1481,7
960,1,1055,6
961,4,267,10
962,1,1071,9
963,1,11,9
964,1,1626,5
965,2,1289,4
966,5,158,10
967,3,271,1
968,4,844,7
969,5,1196,3
970,1,1028,2
971,2,1263,1
972,3,1691,2
973,5,456,3
974,5,1687,10
975,4,6,3
976,3,1896,1
977,3,1313,10
978,5,368,8
979,3,1991,5
980,3,388,10
981,3,467,3
982,1,1894,7
983,2,184,6
984,2,71,7
985,3,1390,10
986,2,922,6
987,1,1115,4
988,4,255,6
989,4,446,3
990,2,358,7
991,1,1083,5
992,3,280,7
993,2,1866,7
994,2,689,8
995,4,194,3
996,4,391,10
997,1,1261,6
998,5,561,3
999,3,1949,10
1000,1,1826,9
1001,2,462,7
1002,4,448,1
1003,3,786,2
1004,2,1828,2
1005,2,404,9
1006,2,147,3
1007,2,1999,9
1008,2,1796,8
1009,5,260,2
1010,5,29,6
1011,5,1090,9
1012,1,1513,9
1013,5,382,8
1014,1,85,5
1015,2,1032,9
1016,5,1387,4
1017,5,231,5
1018,3,1566,6
1019,3,1376,2
1020,3,1074,4
1021,5,126,1
1022,5,1879,3
1023,4,836,6
1024,3,447,9
1025,4,999,10
1026,3,346,2
1027,1,952,9
1028,2,1708,9
1029,1,884,4
1030,4,1917,10
1031,3,1540,9
1032,5,1390,9
1033,4,727,6
1034,2,806,1
1035,5,36,10
1036,3,825,3
1037,4,803,3
1038,5,734,6
1039,1,20,8
1040,2,760,9
1041,2,674,2
1042,5,1333,8
1043,2,1630,2
1044,3,170,8
1045,1,1078,9
1046,1,1667,10
1047,5,710,9
1048,1,1009,6
1049,1,498,8
1050,2,1287,3
1051,1,1158,9
1052,2,557,3
1053,1,199,4
1054,5,166,2
1055,5,1674,10
1056,3,1948,3
1057,2,1562,1
1058,4,1912,2
1059,4,1741,6
1060,4,1794,7
1061,1,1191,1
1062,3,562,7
1063,2,1756,2
1064,1,1724,6
1065,1,229,8
1066,4,488,7
1067,2,1413,8
1068,2,1031,4
1069,4,24,7
1070,2,950,6
1071,2,999,6
1072,4,144,8
1073,2,628,6
1074,2,637,8
1075,4,767,7
1076,5,1415,3
1077,4,1457,5
1078,1,1488,7
1079,3,1433,10
1080,4,588,9
1081,5,908,5
1082,1,1732,3
1083,4,1209,9
1084,5,317,3
1085,1,144,2
1086,5,1747,10
1087,5,1317,7
1088,3,1998,3
1089,4,1109,1
1090,2,136,5
1091,1,1463,9
1092,3,1914,5
1093,2,942,3
1094,2,29,9
1095,4,1987,1
1096,2,1799,2
1097,5,855,2
1098,3,1386,8
1099,1,1364,1
1100,3,1033,4
1101,1,1234,10
1102,1,1119,8
1103,5,239,1
1104,1,1832,4
1105,5,898,8
1106,3,1207,4
1107,3,33,9
1108,2,1878,9
1109,2,1600,2
1110,1,910,10
1111,4,757,8
1112,5,354,9
1113,1,983,1
1114,2,1260,2
1115,3,1711,8
1116,4,399,10
1117,3,370,10
1118,1,304,3
1119,3,1007,5
1120,2,1115,10
1121,2,662,6
1122,5,487,3
1123,1,894,1
1124,2,693,2
1125,5,1202,9
1126,1,1127,5
1127,1,1881,4
1128,2,507,2
1129,5,1842,7
1130,4,1487,3
1131,1,860,9
1132,3,831,3
1133,5,337,4
1134,4,1607,5
1135,5,1397,6
1136,5,1723,3
1137,5,740,6
1138,5,1788,7
1139,3,1838,2
1140,4,1967,1
1141,4,146,9
1142,3,94,10
1143,1,1978,2
1144,3,954,7
1145,4,1520,4
1146,4,731,9
1147,3,198,1
1148,4,447,2
1149,5,277,8
1150,4,1990,1
1151,2,1219,2
1152,4,1191,9
1153,5,1104,5
1154,4,35,1
1155,4,1660,4
1156,3,1261,1
1157,1,103,1
1158,3,1277,6
1159,4,1021,10
1160,4,414,2
1161,5,956,6
1162,4,1207,7
1163,3,1377,10
1164,5,1878,5
1165,2,1566,10
1166,2,1499,1
1167,2,1933,2
1168,4,722,6
1169,2,891,2
1170,4,1745,5
1171,1,1265,3
1172,3,861,6
1173,4,297,6
1174,4,429,7
1175,5,480,3
1176,2,974,4
1177,1,1787,3
1178,3,855,7
1179,3,294,10
1180,5,361,5
1181,2,1250,3
1182,1,1275,3
1183,2,1036,3
1184,5,1229,1
1185,5,1273,7
1186,3,32,2
1187,3,162,3
1188,3,1879,8
1189,4,950,3
1190,1,1027,9
1191,3,215,3
1192,2,931,10
1193,5,1460,9
1194,4,23,6
1195,3,1678,6
1196,2,720,9
1197,1,1552,5
1198,3,1907,1
1199,4,1793,2
1200,5,1315,5
1201,4,1878,8
1202,2,659,7
1203,1,1988,7
1204,5,1073,5
1205,2,1941,5
1206,3,787,4
1207,4,820,1
1208,4,1655,2
1209,3,906,4
1210,4,812,6
1211,5,496,8
1212,2,211,8
1213,3,1786,10
1214,2,1804,5
1215,2,1669,9
1216,1,193,4
1217,5,778,2
1218,2,1372,6
1219,3,1490,3
1220,4,470,3
1221,4,945,1
1222,3,1694,9
1223,2,99,7
1224,2,1674,6
1225,3,222,4
1226,1,586,5
1227,2,580,8
1228,1,1218,8
1229,4,108,9
1230,5,240,9
1231,1,93,7
1232,2,1500,9
1233,1,1133,3
1234,1,1761,10
1235,2,6,2
1236,3,523,6
1237,2,41,5
1238,4,996,4
1239,5,1711,6
1240,1,1808,6
1241,3,1366,10
1242,3,781,8
1243,2,1772,7
1244,5,1516,6
1245,2,934,1
1246,1,1701,10
1247,1,1791,3
1248,2,1120,5
1249,5,396,8
1250,2,1618,6
1251,2,375,4
1252,1,1467,2
1253,4,725,7
1254,1,1645,1
1255,2,1944,4
1256,1,1837,10
1257,1,995,6
1258,1,373,2
1259,5,1718,7
1260,1,1344,1
1261,3,962,1
1262,3,930,1
1263,5,386,6
1264,2,1090,10
1265,5,562,8
1266,5,1658,7
1267,5,1286,2
1268,2,1761,6
1269,4,728,1
1270,1,1462,9
1271,5,763,5
1272,3,416,4
1273,4,349,2
1274,2,1640,5
1275,1,1057,9
1276,5,860,7
1277,1,566,7
1278,1,132,6
1279,2,1314,8
1280,5,864,1
1281,4,855,9
1282,1,1356,5
1283,2,1688,1
1284,5,127,3
1285,1,496,1
1286,3,286,6
1287,5,284,5
1288,5,1139,4
1289,4,34,5
1290,4,1859,9
1291,5,940,1
1292,1,1816,8
1293,5,1187,1
1294,5,342,7
1295,1,4,2
1296,4,1365,8
1297,1,36,10
1298,5,1683,6
1299,5,1755,8
1300,4,1541,1
1301,1,667,9
1302,4,1696,4
1303,1,924,7
1304,4,601,3
1305,1,339,3
1306,2,785,9
1307,5,736,10
1308,5,565,9
1309,2,668,9
1310,4,1300,2
1311,2,1729,8
1312,2,1698,9
1313,5,1399,9
1314,3,1715,10
1315,1,424,2
1316,3,58,7
1317,5,1954,10
1318,1,875,7
1319,4,53,5
1320,4,1629,10
1321,2,1360,1
1322,5,213,8
1323,1,1864,5
1324,5,1741,9
1325,5,1744,2
1326,5,176,3
1327,2,1889,10
1328,4,1052,5
1329,1,1593,8
1330,5,1620,4
1331,3,888,4
1332,3,1621,9
1333,4,1053,4
1334,1,1196,1
1335,3,722,4
1336,2,1668,10
1337,5,1838,6
1338,3,267,8
1339,5,482,2
1340,4,269,10
1341,4,1626,3
1342,4,1010,3
1343,2,125,10
1344,5,623,5
1345,1,1431,6
1346,4,1069,3
1347,2,1020,7
1348,4,443,2
1349,4,1079,9
1350,2,1695,8
1351,3,748,9
1352,2,297,8
1353,5,1233,4
1354,2,1046,4
1355,3,103,9
1356,3,725,2
1357,3,834,2
1358,2,1717,7
1359,5,1311,10
1360,2,1819,10
1361,2,980,6
1362,3,373,3
1363,5,1511,9
1364,3,1953,5
1365,2,262,6
1366,5,1075,9
1367,1,1111,2
1368,2,996,9
1369,1,21,1
1370,2,1105,10
1371,1,1937,3
1372,3,765,10
1373,2,75,6
1374,3,1161,2
1375,1,595,1
1376,3,1165,8
1377,4,1059,3
1378,2,732,8
1379,5,937,8
1380,1,1288,2
1381,2,1142,4
1382,5,285,6
1383,4,1969,5
1384,5,1407,8
1385,4,1588,5
1386,4,334,2
1387,2,672,5
1388,3,1122,3
1389,1,608,3
1390,3,1059,8
1391,4,889,5
1392,3,1511,8
1393,5,26,6
1394,1,635,8
1395,2,951,3
1396,4,1796,2
1397,2,1042,10
1398,3,1372,1
1399,4,693,10
1400,1,162,7
1401,3,1082,5
1402,2,1816,1
1403,5,339,8
1404,3,1037,10
1405,4,1974,1
1406,4,211,4
1407,5,903,6
1408,3,390,1
1409,5,777,6
1410,4,1885,8
1411,2,1874,6
1412,4,1432,10
1413,2,1054,1
1414,3,615,6
1415,2,944,8
1416,4,822,3
1417,3,1002,5
1418,4,1808,8
1419,5,1236,5
1420,1,1516,1
1421,5,1631,4
1422,5,1446,4
1423,2,72,10
1424,3,1151,6
1425,4,208,6
1426,3,614,7
1427,5,516,9
1428,4,1887,3
1429,3,1989,5
1430,5,1686,1
1431,3,1553,4
1432,4,1989,4
1433,2,753,7
1434,2,23,10
1435,1,1877,3
1436,4,712,9
1437,2,322,3
1438,1,564,4
1439,5,545,3
1440,2,1800,3
1441,2,1093,4
1442,5,1003,10
1443,5,709,1
1444,3,1612,3
1445,5,597,5
1446,5,599,3
1447,2,1419,9
1448,5,1050,3
1449,1,522,2
1450,1,420,3
1451,2,1403,2
1452,3,4,8
1453,4,1355,2
1454,2,455,10
1455,3,1049,4
1456,2,432,6
1457,3,1768,10
1458,3,844,10
1459,1,1224,5
1460,4,1527,5
1461,3,499,9
1462,2,1527,1
1463,3,375,6
1464,2,1493,7
1465,3,612,7
1466,5,1034,6
1467,3,1951,8
1468,2,937,2
1469,1,1648,3
1470,5,1482,3
1471,2,1222,9
1472,5,94,7
1473,2,1119,6
1474,5,719,9
1475,5,1278,6
1476,1,1186,8
1477,4,729,9
1478,2,1187,1
1479,5,695,2
1480,4,404,9
1481,4,510,4
1482,2,1208,9
1483,4,1632,9
1484,4,167,8
1485,5,91,7
1486,4,1900,4
1487,2,751,7
1488,1,961,6
1489,2,293,5
1490,4,553,7
1491,3,1034,7
1492,2,54,6
1493,1,187,9
1494,3,1422,4
1495,4,817,2
1496,2,426,7
1497,2,1304,3
1498,1,1919,9
1499,3,1872,7
1500,1,1040,8
1501,1,1443,1
1502,3,1665,9
1503,5,128,9
1504,1,626,1
1505,4,998,6
1506,4,1406,5
1507,1,616,10
1508,2,1370,9
1509,5,747,1
1510,2,903,3
1511,2,30,1
1512,3,1112,5
1513,1,171,6
1514,2,1357,8
1515,2,20,4
1516,4,1774,8
1517,3,1964,9
1518,1,1449,2
1519,1,114,7
1520,5,1391,1
1521,3,958,6
1522,4,1073,5
1523,3,1788,10
1524,1,308,6
1525,3,600,6
1526,3,630,10
1527,4,284,4
1528,2,1592,8
1529,4,554,9
1530,1,1483,6
1531,5,1675,5
1532,5,385,4
1533,5,1011,8
1534,2,1649,10
1535,4,366,8
1536,4,1381,5
1537,2,1383,3
1538,4,1716,2
1539,4,964,10
1540,1,1904,3
1541,3,221,8
1542,4,262,8
1543,1,1069,9
1544,5,897,4
1545,1,1311,2
1546,3,147,1
1547,3,1807,7
1548,3,758,2
1549,4,259,2
1550,1,809,4
1551,4,1273,8
1552,4,55,6
1553,4,777,6
1554,4,1325,8
1555,4,1103,4
1556,2,1022,7
1557,1,1510,3
1558,5,1735,10
1559,3,1617,5
1560,3,84,7
1561,5,435,2
1562,5,1060,3
1563,3,1870,6
1564,5,130,5
1565,2,1065,3
1566,2,552,2
1567,5,745,5
1568,1,345,6
1569,3,754,9
1570,3,636,10
1571,4,501,7
1572,3,912,1
1573,5,358,4
1574,3,1035,10
1575,4,401,8
1576,2,1485,3
1577,5,1549,4
1578,5,351,7
1579,2,402,4
1580,3,1384,4
1581,2,1003,10
1582,1,186,9
1583,2,1855,8
1584,2,684,3
1585,4,1680,2
1586,2,60,4
1587,5,472,7
1588,4,1768,9
1589,3,902,1
1590,5,1829,9
1591,3,11,7
1592,1,818,4
1593,3,1669,6
1594,4,635,10
1595,3,1135,9
1596,2,306,9
1597,5,1182,10
1598,5,628,6
1599,3,1252,3
1600,1,699,1
1601,2,1976,2
1602,2,1623,9
1603,2,717,9
1604,4,828,1
1605,3,340,5
1606,3,1243,9
1607,5,584,6
1608,3,444,3
1609,5,633,3
1610,1,92,4
1611,1,444,2
1612,1,1391,3
1613,4,1586,1
1614,3,183,6
1615,2,1203,4
1616,5,122,6
1617,4,1701,7
1618,4,1877,8
1619,1,1322,6
1620,1,1817,4
1621,1,37,6
1622,4,291,4
1623,4,176,7
1624,5,927,5
1625,5,827,1
1626,4,1862,10
1627,5,959,9
1628,2,882,3
1629,3,282,9
1630,2,1151,5
1631,5,279,3
1632,4,246,10
1633,5,1492,2
1634,4,1248,2
1635,1,1242,5
1636,5,1288,1
1637,3,1251,1
1638,1,1180,7
1639,3,284,10
1640,4,1411,1
1641,4,1622,10
1642,2,1555,5
1643,1,75,2
1644,5,23,7
1645,3,1488,8
1646,3,74,5
1647,5,1642,8
1648,1,571,4
1649,1,69,3
1650,3,520,2
1651,3,1136,8
1652,2,1629,3
1653,2,374,1
1654,5,1523,8
1655,1,276,3
1656,2,1112,4
1657,4,749,5
1658,3,1299,8
1659,2,1094,6
1660,2,1087,8
1661,4,1766,3
1662,1,882,5
1663,3,217,6
1664,3,1726,7
1665,2,899,6
1666,1,716,10
1667,2,420,10
1668,3,418,4
1669,4,1510,8
1670,4,1347,8
1671,3,243,3
1672,1,960,7
1673,2,1626,8
1674,4,149,8
1675,3,1260,7
1676,2,279,8
1677,5,1690,3
1678,2,1860,2
1679,2,817,5
1680,5,1531,4
1681,1,804,7
1682,2,707,10
1683,4,1146,5
1684,5,775,1
1685,2,1915,3
1686,4,910,9
1687,3,1942,5
1688,2,492,6
1689,1,1540,9
1690,5,1974,10
1691,1,712,7
1692,1,1328,10
1693,4,331,8
1694,1,887,5
1695,5,1442,1
1696,4,302,1
1697,3,1547,3
1698,2,1619,3
1699,2,546,8
1700,4,1081,9
1701,5,1223,3
1702,2,1927,5
1703,4,421,3
1704,2,1021,7
1705,1,1202,3
1706,1,1130,7
1707,4,1241,2
1708,2,845,8
1709,3,971,5
1710,5,681,10
1711,2,569,4
1712,1,266,10
1713,3,26,5
1714,2,1122,1
1715,1,1445,10
1716,3,336,2
1717,1,717,1
1718,4,1219,10
1719,3,399,7
1720,4,995,7
1721,2,1834,6
1722,4,689,6
1723,3,882,8
1724,3,1069,10
1725,5,524,1
1726,5,1128,7
1727,5,814,2
1728,1,1567,3
1729,2,1281,8
1730,2,1543,8
1731,2,1519,5
1732,5,715,7
1733,3,1168,2
1734,2,1590,8
1735,3,920,3
1736,3,1068,3
1737,4,851,8
1738,3,1835,6
1739,4,433,10
1740,1,824,9
1741,3,723,4
1742,5,921,9
1743,3,487,10
1744,1,1932,7
1745,4,1616,10
1746,2,444,2
1747,2,530,6
1748,1,842,1
1749,4,1983,3
1750,4,1385,1
1751,3,140,4
1752,5,1306,7
1753,1,435,8
1754,1,400,4
1755,5,1823,3
1756,1,272,6
1757,3,309,4
1758,4,1298,4
1759,1,1031,3
1760,1,379,4
1761,5,202,4
1762,3,1464,1
1763,5,851,8
1764,4,1016,2
1765,4,403,6
1766,2,1652,5
1767,5,701,2
1768,3,1050,6
1769,2,900,8
1770,2,545,8
1771,4,434,5
1772,3,1538,9
1773,4,428,8
1774,4,952,1
1775,2,1766,7
1776,2,314,5
1777,4,1827,10
1778,1,1987,6
1779,3,216,2
1780,4,1161,9
1781,5,974,7
1782,4,281,5
1783,3,312,5
1784,4,566,7
1785,1,1829,4
1786,1,1706,5
1787,1,892,5
1788,5,1172,3
1789,1,1853,8
1790,2,1047,10
1791,3,1524,8
1792,1,486,3
1793,4,157,1
1794,5,538,7
1795,1,1189,1
1796,1,1798,5
1797,2,225,6
1798,5,1987,8
1799,1,1677,5
1800,2,1850,6
1801,3,1457,7
1802,1,1435,8
1803,3,645,7
1804,2,1051,10
1805,2,571,3
1806,1,1352,6
1807,5,1336,5
1808,5,522,3
1809,1,190,10
1810,4,1525,7
1811,1,942,7
1812,1,58,7
1813,4,296,8
1814,5,374,1
1815,4,1744,1
1816,1,1161,5
1817,4,1673,7
1818,4,1727,10
1819,5,1897,3
1820,4,1023,8
1821,5,1796,9
1822,2,1900,8
1823,1,470,4
1824,4,1223,1
1825,1,1286,6
1826,4,762,6
1827,3,1123,2
1828,3,128,1
1829,4,1954,3
1830,3,1154,6
1831,5,1691,7
1832,5,1057,3
1833,4,1407,10
1834,2,1573,3
1835,1,1610,7
1836,1,1831,9
1837,4,1781,7
1838,3,1751,5
1839,2,377,9
1840,1,538,5
1841,4,287,3
1842,3,146,1
1843,3,1690,2
1844,3,1894,5
1845,1,1403,10
1846,4,467,9
1847,5,143,9
1848,1,407,7
1849,3,1956,4
1850,5,1385,1
1851,1,298,3
1852,1,534,3
1853,2,1487,4
1854,3,489,5
1855,2,49,7
1856,5,1740,7
1857,1,650,3
1858,5,645,1
1859,2,1089,6
1860,5,1277,4
1861,2,1417,9
1862,1,301,1
1863,3,503,5
1864,1,1010,3
1865,1,980,7
1866,5,28,6
1867,4,343,1
1868,2,408,3
1869,2,386,9
1870,4,1683,4
1871,5,1956,3
1872,2,1813,6
1873,4,1014,1
1874,3,402,4
1875,5,621,5
1876,3,662,3
1877,2,687,7
1878,3,1950,8
1879,3,732,5
1880,2,864,10
1881,3,669,6
1882,3,1212,6
1883,4,1601,1
1884,1,378,10
1885,2,396,2
1886,1,732,8
1887,1,1806,7
1888,3,319,1
1889,4,425,6
1890,4,526,2
1891,5,384,8
1892,4,432,1
1893,2,555,4
1894,2,387,5
1895,4,469,2
1896,2,401,5
1897,1,853,2
1898,2,1356,9
1899,3,1087,5
1900,1,719,7
1901,1,1016,4
1902,2,725,1
1903,4,1201,3
1904,4,121,3
1905,3,1740,1
1906,2,1983,9
1907,2,1885,1
1908,1,1244,4
1909,3,741,7
1910,1,558,2
1911,3,81,4
1912,1,705,5
1913,3,163,6
1914,2,218,7
1915,3,380,1
1916,4,1647,4
1917,3,697,10
1918,2,284,5
1919,5,1852,10
1920,5,1810,9
1921,4,991,7
1922,2,875,1
1923,3,820,2
1924,1,1319,4
1925,3,1599,9
1926,2,1727,7
1927,3,889,2
1928,2,295,4
1929,2,962,6
1930,2,583,6
1931,3,944,5
1932,2,856,10
1933,2,1300,3
1934,1,62,7
1935,3,1773,10
1936,2,331,5
1937,5,1198,3
1938,2,1571,8
1939,4,279,10
1940,3,1817,5
1941,5,331,2
1942,4,1787,5
1943,1,1,4
1944,2,1230,3
1945,1,1886,3
1946,5,459,10
1947,1,1284,6
1948,1,1897,7
1949,5,1064,10
1950,4,106,7
1951,4,1813,1
1952,4,1732,3
1953,5,1898,4
1954,3,148,9
1955,5,815,7
1956,5,680,8
1957,2,708,10
1958,2,1247,10
1959,1,1317,5
1960,3,1300,6
1961,1,1365,10
1962,4,1471,4
1963,2,1026,10
1964,4,1526,10
1965,2,1363,5
1966,5,1111,8
1967,2,1966,7
1968,1,125,3
1969,5,1805,7
1970,4,575,7
1971,3,1886,2
1972,3,56,8
1973,3,1986,1
1974,1,591,3
1975,2,615,4
1976,2,843,9
1977,5,1586,3
1978,1,428,6
1979,4,785,10
1980,2,543,3
1981,2,514,6
1982,3,837,4
1983,3,1808,10
1984,2,294,6
1985,3,857,6
1986,5,1804,7
1987,4,1650,1
1988,3,1163,6
1989,3,1906,7
1990,2,584,10
1991,4,481,6
1992,5,651,4
1993,1,399,3
1994,1,974,8
1995,5,35,7
1996,5,89,9
1997,1,620,5
1998,3,299,10
1999,3,1965,5
2000,5,78,8
2001,1,1525,7
2002,4,1221,1
2003,2,832,8
2004,3,1008,10
2005,1,1137,7
2006,4,813,8
2007,4,639,7
2008,2,1942,2
2009,2,1836,4
2010,5,1242,3
2011,5,177,2
2012,1,803,8
2013,3,899,1
2014,5,552,8
2015,2,855,4
2016,4,787,4
2017,1,672,7
2018,4,941,3
2019,1,867,9
2020,3,1947,5
2021,5,1919,5
2022,4,1063,1
2023,4,1230,6
2024,5,1609,6
2025,4,544,8
2026,1,1235,5
2027,2,1887,1
2028,2,285,5
2029,1,829,3
2030,2,336,10
2031,4,599,10
2032,4,114,3
2033,1,1928,2
2034,5,422,3
2035,1,1804,6
2036,2,254,6
2037,1,539,8
2038,3,168,8
2039,3,1085,7
2040,5,483,7
2041,5,1663,5
2042,1,1666,7
2043,3,1242,9
2044,1,1949,8
2045,1,1939,9
2046,5,1463,7
2047,2,517,10
2048,4,1327,9
2049,5,1761,7
2050,5,1338,1
2051,4,935,5
2052,3,1342,2
2053,3,352,8
2054,4,1979,5
2055,5,725,8
2056,3,1291,10
2057,4,627,10
2058,3,987,8
2059,5,1792,8
2060,3,1196,5
2061,5,296,2
2062,5,1581,7
2063,3,1117,4
2064,5,1149,4
2065,2,1835,10
2066,5,1284,8
2067,4,376,1
2068,5,958,5
2069,5,180,8
2070,4,1472,10
2071,2,902,10
2072,5,1135,9
2073,3,1861,1
2074,3,1839,10
2075,3,1857,2
2076,2,471,2
2077,1,342,10
2078,2,1409,3
2079,5,849,7
2080,3,1940,3
2081,2,1735,4
2082,5,475,9
2083,3,333,8
2084,5,1310,8
2085,2,490,4
2086,1,330,8
2087,1,1750,4
2088,4,1817,10
2089,2,1641,7
2090,2,721,4
2091,5,1418,8
2092,3,997,2
2093,4,827,6
2094,3,21,7
2095,2,513,10
2096,2,1477,7
2097,5,1473,6
2098,4,46,3
2099,3,120,3
2100,4,841,1
2101,3,1341,9
2102,5,1565,6
2103,2,385,5
2104,3,22,10
2105,5,1120,8
2106,5,1856,4
2107,5,1783,6
2108,2,683,3
2109,4,872,7
2110,1,1923,7
2111,5,993,10
2112,2,307,2
2113,1,1096,10
2114,3,1393,2
2115,4,552,4
2116,2,475,2
2117,2,1458,7
2118,1,1775,6
2119,4,1178,8
2120,2,1841,9
2121,4,765,5
2122,1,82,6
2123,4,88,5
2124,3,200,2
2125,5,64,5
2126,1,367,4
2127,4,59,5
2128,3,1371,2
2129,1,1527,9
2130,3,1893,4
2131,3,1077,1
2132,1,478,3
2133,2,1233,3
2134,4,1711,6
2135,1,277,2
2136,5,671,2
2137,1,1810,3
2138,5,1885,3
2139,5,1416,3
2140,3,1183,10
2141,1,274,5
2142,2,769,3
2143,4,876,8
2144,1,1509,3
2145,5,41,10
2146,2,232,5
2147,1,1851,1
2148,3,652,7
2149,3,1803,3
2150,2,1862,10
2151,5,653,4
2152,5,594,2
2153,5,670,1
2154,1,1297,9
2155,4,299,6
2156,1,226,4
2157,1,1573,2
2158,1,533,5
2159,3,493,9
2160,4,738,1
2161,3,1202,1
2162,3,1078,10
2163,2,264,8
2164,2,524,6
2165,3,522,6
2166,3,341,9
2167,5,203,5
2168,5,280,1
2169,5,1404,9
